Success,Expectation Type,Column,Column Pair,Max Value,Min Value,Element Count,Unexpected Count,Unexpected Percent,Value Set,Unexpected Value,Observed Value
True,expect_column_to_exist,cc_num,"('', '')",,,,,,,[],
True,expect_column_values_to_not_be_null,cc_num,"('', '')",,,90767,0,0.0,,[],
True,expect_column_values_to_be_in_type_list,cc_num,"('', '')",,,,,,,[],int64
True,expect_column_values_to_be_between,cc_num,"('', '')",4992346398065154184,60416207185,90767,0,0.0,,[],
True,expect_column_to_exist,merchant,"('', '')",,,,,,,[],
True,expect_column_values_to_not_be_null,merchant,"('', '')",,,90767,0,0.0,,[],
True,expect_column_values_to_be_in_set,merchant,"('', '')",,,90767,0,0.0,"['fraud_Bogisich-Homenick', 'fraud_Daugherty, Pouros and Beahan', 'fraud_Runolfsson and Sons', 'fraud_Ziemann-Waters', 'fraud_Kerluke PLC', 'fraud_Kuphal-Bartoletti', 'fraud_Stamm-Witting', 'fraud_Ledner-Pfannerstill', 'fraud_Hoppe-Parisian', 'fraud_Doyle Ltd', 'fraud_Abshire PLC', 'fraud_Medhurst Inc', 'fraud_Schoen-Quigley', 'fraud_Hettinger, McCullough and Fay', 'fraud_Lebsack and Sons', 'fraud_Gottlieb Group', 'fraud_Herman Inc', 'fraud_Koss and Sons', 'fraud_Schuppe LLC', 'fraud_Ruecker-Mayert', 'fraud_Hintz-Bruen', 'fraud_Gulgowski LLC', 'fraud_Streich, Rolfson and Wilderman', 'fraud_Kirlin and Sons', 'fraud_Nitzsche, Kessler and Wolff', 'fraud_Wuckert, Wintheiser and Friesen', 'fraud_Tromp, Kerluke and Glover', 'fraud_Christiansen, Goyette and Schamberger', 'fraud_Towne, Greenholt and Koepp', 'fraud_Zulauf LLC', 'fraud_Wiza LLC', 'fraud_Schroeder, Wolff and Hermiston', 'fraud_Lockman Ltd', 'fraud_Roob-Okuneva', 'fraud_Klein Group', 'fraud_Padberg-Welch', 'fraud_Kunze Inc', 'fraud_Kihn-Fritsch', 'fraud_Goyette-Gerhold', 'fraud_DuBuque LLC', 'fraud_Crist, Jakubowski and Littel', 'fraud_Bins-Howell', 'fraud_Kunze, Larkin and Mayert', 'fraud_Prohaska-Murray', 'fraud_Larkin, Stracke and Greenfelder', 'fraud_Stark-Batz', 'fraud_Kuhn Group', 'fraud_Reichel Inc', 'fraud_Bednar PLC', 'fraud_Schuppe-Schuppe', 'fraud_Maggio-Fahey', 'fraud_Goldner-Lemke', 'fraud_Hagenes, Hermann and Stroman', 'fraud_Leffler-Goldner', 'fraud_Kutch-Hegmann', 'fraud_Fadel-Hilpert', 'fraud_Nader-Maggio', 'fraud_Greenholt, Jacobi and Gleason', 'fraud_Spencer-Runolfsson', 'fraud_McDermott-Rice', 'fraud_Berge LLC', 'fraud_Osinski, Ledner and Leuschke', 'fraud_Reichel, Bradtke and Blanda', 'fraud_Flatley-Durgan', 'fraud_Witting, Beer and Ernser', 'fraud_Hills-Boyer', 'fraud_Reilly LLC', 'fraud_Reichert, Rowe and Mraz', 'fraud_Hilpert-Conroy', 'fraud_Lynch-Wisozk', 'fraud_Kihn, Abernathy and Douglas', 'fraud_Stracke-Lemke', 'fraud_Ratke and Sons', 'fraud_Zboncak LLC', 'fraud_Kuvalis Ltd', 'fraud_Lehner, Mosciski and King', 'fraud_Bahringer-Streich', 'fraud_Powlowski-Weimann', 'fraud_Gleason-Macejkovic', 'fraud_Zboncak Ltd', 'fraud_Kessler Group', 'fraud_Rau and Sons', 'fraud_Lemke-Gutmann', 'fraud_Waelchi Inc', 'fraud_Fadel, Mertz and Rippin', 'fraud_Eichmann-Russel', 'fraud_Torp-Labadie', 'fraud_Fisher-Schowalter', 'fraud_Marks Inc', 'fraud_Erdman-Durgan', 'fraud_Olson, Becker and Koch', 'fraud_Morissette-Schaefer', 'fraud_Kuphal-Predovic', 'fraud_Schroeder, Hauck and Treutel', 'fraud_Hackett-Lueilwitz', 'fraud_Thompson-Gleason', 'fraud_Bashirian Group', 'fraud_Keeling-Crist', 'fraud_Schultz, Simonis and Little', 'fraud_Dare, Casper and Bartoletti', 'fraud_Kuhic LLC', 'fraud_Block-Parisian', 'fraud_Romaguera Ltd', 'fraud_Schumm PLC', 'fraud_Lesch Ltd', 'fraud_Johns Inc', 'fraud_Gerlach Inc', 'fraud_Kiehn-Emmerich', 'fraud_Kub PLC', 'fraud_Bernhard, Grant and Langworth', 'fraud_Moore, Dibbert and Koepp', 'fraud_Murray Ltd', 'fraud_Douglas-White', 'fraud_Moore, Williamson and Emmerich', 'fraud_McCullough LLC', 'fraud_Hoppe, Harris and Bednar', 'fraud_Zieme, Bode and Dooley', 'fraud_Rolfson-Kunde', 'fraud_Sporer Inc', 'fraud_Runte-Mohr', 'fraud_Skiles-Ankunding', 'fraud_Kuhic Inc', 'fraud_Parisian, Schiller and Altenwerth', 'fraud_Bartoletti-Wunsch', 'fraud_Hackett Group', 'fraud_Kemmer-Reinger', 'fraud_Bins-Rice', 'fraud_Heidenreich PLC', 'fraud_Tillman, Dickinson and Labadie', 'fraud_Roberts, Daniel and Macejkovic', 'fraud_Champlin and Sons', ""fraud_Pacocha-O'Reilly"", 'fraud_Koss, McLaughlin and Mayer', 'fraud_Klocko, Runolfsdottir and Breitenberg', 'fraud_Luettgen PLC', 'fraud_Wiegand-Lowe', 'fraud_Kris-Padberg', 'fraud_Daugherty-Thompson', 'fraud_Cole PLC', 'fraud_Herzog Ltd', 'fraud_Reichert, Huels and Hoppe', 'fraud_Swaniawski, Lowe and Robel', 'fraud_Yost, Block and Koepp', 'fraud_Bradtke, Torp and Bahringer', 'fraud_Padberg-Rogahn', 'fraud_Adams-Barrows', 'fraud_Goyette-Herzog', 'fraud_Flatley Group', 'fraud_Reinger, Weissnat and Strosin', 'fraud_Cartwright-Harris', 'fraud_Lockman, West and Runte', 'fraud_Kertzmann LLC', 'fraud_Larkin Ltd', 'fraud_Romaguera, Wehner and Tromp', 'fraud_Skiles LLC', 'fraud_Windler, Goodwin and Kovacek', 'fraud_Schaefer Ltd', 'fraud_Hirthe-Beier', 'fraud_Kiehn Inc', 'fraud_Hyatt-Blick', 'fraud_Schuppe, Nolan and Hoeger', 'fraud_Turcotte-Halvorson', 'fraud_Ruecker, Beer and Collier', 'fraud_Schoen, Nienow and Bauch', 'fraud_Wiza, Schaden and Stark', ""fraud_O'Connell, Botsford and Hand"", 'fraud_Cummings Group', 'fraud_Feil-Morar', 'fraud_Rutherford-Mertz', 'fraud_Romaguera, Cruickshank and Greenholt', 'fraud_Turcotte, McKenzie and Koss', 'fraud_Cartwright PLC', 'fraud_Jakubowski Group', ""fraud_O'Connell-Ullrich"", 'fraud_Hudson-Ratke', 'fraud_Nicolas, Hills and McGlynn', 'fraud_Auer LLC', 'fraud_McCullough, Hudson and Schuster', 'fraud_Homenick LLC', 'fraud_Reilly, Heaney and Cole', 'fraud_Conroy-Emard', 'fraud_Graham and Sons', 'fraud_Beier-Hyatt', 'fraud_Lemke and Sons', 'fraud_Abbott-Steuber', 'fraud_Swaniawski, Bahringer and Ledner', 'fraud_Abbott-Rogahn', 'fraud_Gislason Group', 'fraud_Ferry, Reichel and DuBuque', 'fraud_Trantow PLC', 'fraud_Altenwerth-Kilback', 'fraud_Stroman, Hudson and Erdman', 'fraud_Huels-Nolan', 'fraud_Hagenes, Kohler and Hoppe', 'fraud_Hermiston, Pacocha and Smith', 'fraud_Bernier, Volkman and Hoeger', 'fraud_Moen, Reinger and Murphy', 'fraud_McGlynn-Heathcote', 'fraud_Schroeder Group', 'fraud_Lehner, Reichert and Mills', ""fraud_Friesen-D'Amore"", 'fraud_Marvin-Lind', 'fraud_Denesik, Powlowski and Pouros', 'fraud_Parker-Kunde', 'fraud_Schoen, Kuphal and Nitzsche', 'fraud_Langosh, Wintheiser and Hyatt', 'fraud_Willms, Kris and Bergnaum', 'fraud_Kovacek, Dibbert and Ondricka', 'fraud_Runte, Green and Emard', 'fraud_Kautzer and Sons', 'fraud_Heller-Langosh', 'fraud_Harris Group', 'fraud_Pfeffer and Sons', 'fraud_Nienow, Barrows and Romaguera', 'fraud_Kovacek Ltd', 'fraud_Bauch-Blanda', 'fraud_Roob LLC', 'fraud_White and Sons', 'fraud_Bradtke PLC', 'fraud_Torphy-Goyette', 'fraud_Douglas, DuBuque and McKenzie', 'fraud_Goldner, Kovacek and Abbott', 'fraud_Satterfield-Lowe', 'fraud_Dietrich-Fadel', ""fraud_O'Hara-Wilderman"", 'fraud_Stokes, Christiansen and Sipes', 'fraud_Emmerich-Rau', 'fraud_Kutch-Wilderman', 'fraud_Bernhard Inc', 'fraud_Buckridge PLC', 'fraud_Ebert-Daugherty', 'fraud_Ritchie, Oberbrunner and Cremin', 'fraud_Connelly-Carter', 'fraud_Turcotte, Batz and Buckridge', 'fraud_Stark-Koss', 'fraud_Monahan, Hermann and Johns', 'fraud_Hodkiewicz, Prohaska and Paucek', 'fraud_Miller-Harris', 'fraud_Paucek-Wiza', 'fraud_Baumbach, Feeney and Morar', 'fraud_Lind, Huel and McClure', 'fraud_Kutch, Steuber and Gerhold', 'fraud_Reichert-Weissnat', 'fraud_Kutch-Ferry', 'fraud_Waelchi-Wolf', 'fraud_Barrows PLC', 'fraud_Bartoletti and Sons', 'fraud_Goyette Inc', 'fraud_Breitenberg-Hermiston', 'fraud_Halvorson Group', 'fraud_Boehm, Block and Jakubowski', 'fraud_Streich, Hansen and Veum', 'fraud_Johnston-Casper', 'fraud_Kub-Heaney', 'fraud_Block Group', 'fraud_Turner LLC', 'fraud_Tillman LLC', 'fraud_Gutmann-Upton', 'fraud_Jewess LLC', 'fraud_Quitzon-Goyette', 'fraud_Gerhold LLC', 'fraud_Runolfsdottir, Mueller and Hand', 'fraud_Kling, Howe and Schneider', 'fraud_Wilkinson Ltd', 'fraud_Raynor, Reinger and Hagenes', ""fraud_O'Keefe-Hudson"", ""fraud_Lesch, D'Amore and Brown"", 'fraud_Sporer-Keebler', 'fraud_Kilback LLC', 'fraud_Dickinson-Rempel', 'fraud_Grimes LLC', 'fraud_Bednar Group', 'fraud_Balistreri-Nader', 'fraud_Eichmann, Bogan and Rodriguez', 'fraud_Will Ltd', 'fraud_Johns-Hoeger', 'fraud_Thiel PLC', 'fraud_Bailey-Morar', 'fraud_Treutel-King', 'fraud_Mueller, Gerhold and Mueller', 'fraud_Johnson, Runolfsdottir and Mayer', 'fraud_Welch, Rath and Koepp', 'fraud_Thiel-Thiel', 'fraud_Mayert Group', 'fraud_Hyatt, Russel and Gleichner', 'fraud_Weber and Sons', 'fraud_Crona and Sons', 'fraud_Reilly and Sons', 'fraud_Conroy, Balistreri and Gorczany', 'fraud_Morissette, Weber and Wiegand', 'fraud_Jast-McDermott', 'fraud_Lang, Towne and Schuppe', 'fraud_Kemmer-Buckridge', 'fraud_Watsica, Haag and Considine', 'fraud_Kutch and Sons', 'fraud_Thiel Ltd', 'fraud_Spencer PLC', 'fraud_Douglas, Schneider and Turner', 'fraud_Romaguera and Sons', 'fraud_Zemlak Group', 'fraud_Pagac LLC', 'fraud_Torp, Muller and Borer', ""fraud_Hamill-D'Amore"", 'fraud_Bernier and Sons', 'fraud_Casper, Hand and Zulauf', 'fraud_McDermott-Weimann', 'fraud_Rempel Inc', 'fraud_Beer-Jast', 'fraud_Becker, Harris and Harvey', 'fraud_Kassulke PLC', 'fraud_Eichmann-Kilback', 'fraud_Kunde-Sanford', 'fraud_Bahringer, Osinski and Block', 'fraud_Kihn Inc', 'fraud_Streich, Dietrich and Barton', 'fraud_Torphy-Kertzmann', ""fraud_Schamberger-O'Keefe"", 'fraud_Bahringer Group', 'fraud_Pfeffer LLC', 'fraud_Ankunding LLC', 'fraud_Larson, Quitzon and Spencer', 'fraud_Jast Ltd', 'fraud_Dicki Ltd', 'fraud_Kilback and Sons', 'fraud_Schulist Ltd', 'fraud_Morissette LLC', 'fraud_Reynolds-Schinner', 'fraud_Koelpin and Sons', 'fraud_Kling Inc', 'fraud_Roberts-Beahan', 'fraud_Kutch, Hermiston and Farrell', 'fraud_Botsford Ltd', 'fraud_Shields Inc', 'fraud_McDermott, Osinski and Morar', 'fraud_Durgan-Auer', 'fraud_Bernhard-Lesch', 'fraud_Howe Ltd', 'fraud_Lakin, Ferry and Beatty', 'fraud_Rippin-VonRueden', 'fraud_Huel-Langworth', 'fraud_Friesen Inc', 'fraud_Hammes-Beatty', 'fraud_Stiedemann Inc', 'fraud_Miller-Hauck', 'fraud_Schmitt Ltd', 'fraud_Nienow PLC', 'fraud_Denesik and Sons', 'fraud_Friesen-Ortiz', 'fraud_Rippin, Kub and Mann', 'fraud_Little Ltd', 'fraud_Reichel LLC', 'fraud_Roberts, Ryan and Smith', 'fraud_Armstrong, Walter and Gottlieb', 'fraud_Schaefer, Fay and Hilll', 'fraud_Erdman-Schaden', 'fraud_Pacocha-Bauch', 'fraud_Schmeler Inc', 'fraud_Turner and Sons', 'fraud_Dach-Nader', 'fraud_Price Inc', 'fraud_Ferry, Lynch and Kautzer', 'fraud_Little-Gleichner', 'fraud_Jenkins, Hauck and Friesen', 'fraud_Cole, Hills and Jewess', 'fraud_Donnelly PLC', 'fraud_Kozey-McDermott', 'fraud_Mohr-Bayer', 'fraud_Macejkovic-Lesch', 'fraud_Baumbach Ltd', 'fraud_Williamson LLC', 'fraud_Fritsch LLC', 'fraud_Berge-Ullrich', 'fraud_McCullough Group', 'fraud_Harber Inc', 'fraud_Ledner, Hartmann and Feest', 'fraud_Terry, Johns and Bins', 'fraud_VonRueden Group', 'fraud_Terry Ltd', 'fraud_Pollich LLC', 'fraud_Heller, Gutmann and Zieme', 'fraud_Botsford PLC', 'fraud_Renner Ltd', 'fraud_Cassin-Harvey', 'fraud_Ortiz Group', 'fraud_Nolan-Williamson', 'fraud_Schiller Ltd', 'fraud_Rau-Grant', 'fraud_Osinski Inc', 'fraud_Goodwin-Nitzsche', 'fraud_Boyer PLC', 'fraud_Labadie LLC', 'fraud_Barton Inc', 'fraud_Hudson-Grady', 'fraud_Wolf Inc', 'fraud_Dooley-Thompson', 'fraud_Leannon-Ward', 'fraud_Conroy-Cruickshank', 'fraud_Ankunding-Carroll', 'fraud_Beier LLC', 'fraud_Veum-Koelpin', 'fraud_Pouros, Walker and Spencer', 'fraud_Mosciski Group', 'fraud_Roob, Conn and Tremblay', 'fraud_Ullrich Ltd', ""fraud_O'Keefe-Wisoky"", 'fraud_Streich Ltd', 'fraud_Tillman, Fritsch and Schmitt', 'fraud_Bogisich-Weimann', 'fraud_Zemlak, Tillman and Cremin', 'fraud_Medhurst, Cartwright and Ebert', 'fraud_Bednar Inc', 'fraud_Volkman-Predovic', 'fraud_Erdman-Kertzmann', 'fraud_Schmeler, Bashirian and Price', 'fraud_Block-Hauck', 'fraud_Cremin, Hamill and Reichel', 'fraud_Harris, Gusikowski and Heaney', 'fraud_Yost, Schamberger and Windler', 'fraud_Wilkinson PLC', 'fraud_Mante Group', 'fraud_Weimann, Kuhic and Beahan', 'fraud_Haley Group', 'fraud_Collier LLC', 'fraud_Watsica LLC', 'fraud_Lynch-Mohr', 'fraud_Quitzon, Green and Bashirian', 'fraud_Kris-Kertzmann', 'fraud_Rowe, Batz and Goodwin', 'fraud_Hahn, Bahringer and McLaughlin', 'fraud_Stehr, Jewess and Schimmel', 'fraud_Kerluke, Considine and Macejkovic', 'fraud_Spinka-Welch', 'fraud_Fritsch and Sons', 'fraud_Wintheiser, Dietrich and Schimmel', ""fraud_Deckow-O'Conner"", 'fraud_Torp-Lemke', 'fraud_Collier Inc', 'fraud_Welch Inc', 'fraud_Stanton, Jakubowski and Baumbach', 'fraud_Cormier, Stracke and Thiel', 'fraud_Hayes, Marquardt and Dibbert', 'fraud_Connelly PLC', 'fraud_Swaniawski, Nitzsche and Welch', 'fraud_Windler LLC', 'fraud_Huel, Hammes and Witting', 'fraud_Kulas Group', 'fraud_Turner, Ruecker and Parisian', 'fraud_Sawayn PLC', 'fraud_Hauck, Dietrich and Funk', 'fraud_Volkman PLC', 'fraud_Mohr Inc', 'fraud_Bechtelar-Rippin', 'fraud_Gleason and Sons', 'fraud_Graham, Hegmann and Hammes', 'fraud_Hills-Witting', 'fraud_Schmeler-Howe', 'fraud_Shields-Wunsch', 'fraud_Kerluke, Kertzmann and Wiza', 'fraud_Friesen Ltd', 'fraud_Bauch-Raynor', 'fraud_Howe PLC', 'fraud_Hamill-Daugherty', 'fraud_Brown PLC', 'fraud_Boyer-Haley', 'fraud_Fadel Inc', 'fraud_Cummings LLC', 'fraud_Bahringer, Bergnaum and Quitzon', 'fraud_Koss, Hansen and Lueilwitz', 'fraud_Champlin, Rolfson and Connelly', 'fraud_Metz, Russel and Metz', 'fraud_Metz-Boehm', 'fraud_Langworth LLC', 'fraud_Daugherty LLC', 'fraud_Jerde-Hermann', 'fraud_Greenholt Ltd', 'fraud_Abernathy and Sons', 'fraud_Smith-Stokes', 'fraud_McLaughlin, Armstrong and Koepp', 'fraud_Eichmann, Hayes and Treutel', 'fraud_Swift, Bradtke and Marquardt', 'fraud_Lind-Buckridge', 'fraud_Heller PLC', 'fraud_Hills-Olson', 'fraud_Hahn, Douglas and Schowalter', 'fraud_Robel, Cummerata and Prosacco', 'fraud_Adams, Kovacek and Kuhlman', 'fraud_Wuckert-Goldner', 'fraud_Jakubowski Inc', 'fraud_Schmidt and Sons', 'fraud_Rutherford, Homenick and Bergstrom', 'fraud_Hartmann, Rowe and Hermann', 'fraud_Strosin-Cruickshank', 'fraud_Rodriguez Group', 'fraud_Prosacco, Kreiger and Kovacek', 'fraud_Hintz, Bauch and Smith', 'fraud_Spinka Inc', 'fraud_Monahan, Bogisich and Ledner', 'fraud_Shanahan-Lehner', 'fraud_Stoltenberg-Beatty', 'fraud_Hermann-Gaylord', 'fraud_Klocko LLC', 'fraud_Cummerata-Jones', 'fraud_Mosciski, Ziemann and Farrell', 'fraud_Kihn-Schuster', 'fraud_Bode-Rempel', 'fraud_Auer-Mosciski', 'fraud_Stiedemann Ltd', 'fraud_Heller-Abshire', 'fraud_Botsford and Sons', 'fraud_Terry-Huel', 'fraud_McGlynn-Jaskolski', 'fraud_Kling-Ernser', 'fraud_Jast and Sons', 'fraud_Ritchie, Bradtke and Stiedemann', 'fraud_Brown, Homenick and Lesch', 'fraud_Waters-Cruickshank', 'fraud_Bahringer-Larson', 'fraud_Kutch Group', 'fraud_Berge-Hills', 'fraud_Goyette, Howell and Collier', 'fraud_Predovic Inc', 'fraud_Jacobi Inc', 'fraud_Gutmann Ltd', 'fraud_Hickle Group', 'fraud_Nader-Heller', 'fraud_Crooks and Sons', 'fraud_Gibson-Deckow', 'fraud_Jacobi and Sons', 'fraud_Effertz LLC', 'fraud_Kessler Inc', 'fraud_Upton PLC', 'fraud_McKenzie-Huels', 'fraud_Deckow-Dare', 'fraud_Lubowitz, Terry and Stracke', 'fraud_Nienow, Ankunding and Collier', 'fraud_Wisozk and Sons', 'fraud_Towne LLC', 'fraud_Volkman Ltd', 'fraud_Bins-Tillman', 'fraud_Gottlieb-Hansen', 'fraud_Haley, Batz and Auer', 'fraud_Murray-Smitham', 'fraud_Boehm, Predovic and Reinger', 'fraud_Zboncak, Rowe and Murazik', 'fraud_Bernier, Streich and Jewess', 'fraud_Gutmann, McLaughlin and Wiza', 'fraud_Rau-Robel', 'fraud_Padberg-Sauer', 'fraud_Dach-Borer', 'fraud_Vandervort-Funk', 'fraud_Kilback, Nitzsche and Leffler', 'fraud_Heaney-Marquardt', 'fraud_Prosacco LLC', 'fraud_Herman, Treutel and Dickens', 'fraud_Kohler, Lindgren and Koelpin', 'fraud_Labadie, Treutel and Bode', 'fraud_Larson-Moen', 'fraud_Friesen-Stamm', 'fraud_Kilback Group', 'fraud_Hermann and Sons', 'fraud_Johnston, Nikolaus and Maggio', 'fraud_Harris Inc', 'fraud_Heathcote, Yost and Kertzmann', 'fraud_Schmidt-Larkin', 'fraud_Corwin-Collins', 'fraud_Dooley Inc', 'fraud_Mosciski, Gislason and Mertz', 'fraud_Rempel PLC', 'fraud_Wuckert-Walter', 'fraud_Schimmel-Olson', 'fraud_Heathcote LLC', 'fraud_Weber, Thiel and Hammes', 'fraud_Rohan, White and Aufderhar', 'fraud_Greenfelder, Bartoletti and Davis', 'fraud_Gottlieb, Considine and Schultz', 'fraud_Haag-Blanda', 'fraud_Pacocha-Weissnat', 'fraud_Hermiston, Russel and Price', 'fraud_Schumm, McLaughlin and Carter', 'fraud_Simonis-Prohaska', 'fraud_Feil, Hilpert and Koss', 'fraud_Okuneva, Schneider and Rau', 'fraud_Emard Inc', 'fraud_Leannon-Nikolaus', 'fraud_Kassulke Inc', 'fraud_Towne, Walker and Borer', 'fraud_Swift PLC', 'fraud_Pouros-Haag', 'fraud_Donnelly LLC', 'fraud_Kutch LLC', 'fraud_Kozey-Boehm', 'fraud_Frami Group', 'fraud_Kozey-Kuhlman', 'fraud_Jaskolski-Dibbert', 'fraud_Kihn, Brakus and Goyette', 'fraud_Cronin, Kshlerin and Weber', 'fraud_Yost-Rogahn', 'fraud_Brown-Greenholt', 'fraud_Stamm-Rodriguez', 'fraud_Schiller, Blanda and Johnson', 'fraud_Langworth, Boehm and Gulgowski', 'fraud_Weimann-Lockman', 'fraud_Turner, Ziemann and Lehner', 'fraud_Conroy Ltd', 'fraud_Boyer-Reichert', 'fraud_Ruecker Group', 'fraud_Dare, Fritsch and Zboncak', 'fraud_Cummerata-Hilpert', 'fraud_Schoen Ltd', 'fraud_Bogisich Inc', 'fraud_Schumm, Bauch and Ondricka', 'fraud_Altenwerth, Cartwright and Koss', 'fraud_Dare-Gibson', 'fraud_Jaskolski-Vandervort', 'fraud_Bahringer, Schoen and Corkery', 'fraud_Monahan-Morar', 'fraud_Baumbach, Strosin and Nicolas', 'fraud_Corwin-Romaguera', 'fraud_Raynor, Feest and Miller', 'fraud_Connelly, Reichert and Fritsch', 'fraud_Schaefer, Maggio and Daugherty', 'fraud_Cormier LLC', 'fraud_Rowe-Vandervort', 'fraud_Brekke and Sons', 'fraud_Carroll PLC', 'fraud_Parisian and Sons', 'fraud_Kris-Weimann', 'fraud_Corwin-Gorczany', 'fraud_Brown Inc', 'fraud_Emmerich-Luettgen', 'fraud_Kling-Grant', 'fraud_Lynch Ltd', 'fraud_Breitenberg LLC', 'fraud_Medhurst, Labadie and Gottlieb', 'fraud_Bruen-Yost', 'fraud_Beier and Sons', 'fraud_Dibbert and Sons', 'fraud_Bode-Schuster', 'fraud_Fisher Inc', 'fraud_Huel Ltd', 'fraud_Gaylord-Powlowski', 'fraud_Morissette PLC', 'fraud_Schmitt Inc', 'fraud_Dare-Marvin', 'fraud_Kerluke-Abshire', 'fraud_Smitham-Boehm', 'fraud_Dibbert-Green', 'fraud_Kuhic, Bins and Pfeffer', 'fraud_Koepp-Parker', 'fraud_Champlin-Casper', 'fraud_Kerluke Inc', 'fraud_Parker, Nolan and Trantow', 'fraud_Reichert, Shanahan and Hayes', 'fraud_Huels-Hahn', ""fraud_Greenholt, O'Hara and Balistreri"", 'fraud_Lubowitz-Walter', 'fraud_Effertz, Welch and Schowalter', ""fraud_O'Reilly, Mohr and Purdy"", 'fraud_Dickinson Ltd', 'fraud_Lowe, Dietrich and Erdman', 'fraud_Schneider, Hayes and Nikolaus', 'fraud_Medhurst PLC', 'fraud_Wilkinson LLC', 'fraud_Smitham-Schiller', 'fraud_Bins, Balistreri and Beatty', 'fraud_Walter, Hettinger and Kessler', 'fraud_Haley, Jewess and Bechtelar', 'fraud_Konopelski, Schneider and Hartmann', 'fraud_Cruickshank-Mills', 'fraud_Little, Gutmann and Lynch', 'fraud_Jones, Sawayn and Romaguera', 'fraud_Tromp Group', 'fraud_Kuphal-Toy', 'fraud_Mante, Luettgen and Hackett', 'fraud_Barton LLC', 'fraud_Erdman-Ebert', 'fraud_Funk Group', 'fraud_Pouros-Conroy', 'fraud_Ernser-Feest', 'fraud_Durgan, Gislason and Spencer', 'fraud_Mraz-Herzog', 'fraud_Schaefer, McGlynn and Bosco', 'fraud_Auer-West', 'fraud_Berge, Kautzer and Harris', 'fraud_Hills, Hegmann and Schaefer', 'fraud_Baumbach, Hodkiewicz and Walsh', 'fraud_Rodriguez, Yost and Jenkins', 'fraud_Christiansen-Gusikowski', 'fraud_Kuhn LLC', 'fraud_Koepp-Witting', 'fraud_Morar Inc', 'fraud_Ernser-Lynch', 'fraud_Fahey Inc']",[],
True,expect_column_to_exist,category,"('', '')",,,,,,,[],
True,expect_column_values_to_not_be_null,category,"('', '')",,,90767,0,0.0,,[],
True,expect_column_values_to_be_in_set,category,"('', '')",,,90767,0,0.0,"['food_dining', 'misc_net', 'grocery_net', 'shopping_net', 'gas_transport', 'health_fitness', 'travel', 'personal_care', 'kids_pets', 'entertainment', 'misc_pos', 'home', 'shopping_pos', 'grocery_pos']",[],
True,expect_column_to_exist,amt,"('', '')",,,,,,,[],
True,expect_column_values_to_not_be_null,amt,"('', '')",,,90767,0,0.0,,[],
True,expect_column_values_to_be_in_type_list,amt,"('', '')",,,,,,,[],float64
True,expect_column_values_to_be_between,amt,"('', '')",13536.84,1.0,90767,0,0.0,,[],
True,expect_column_to_exist,first,"('', '')",,,,,,,[],
True,expect_column_values_to_not_be_null,first,"('', '')",,,90767,0,0.0,,[],
True,expect_column_values_to_be_in_set,first,"('', '')",,,90767,0,0.0,"['Phillip', 'Erin', 'Edward', 'Cristian', 'Mckenzie', 'Kara', 'Krystal', 'Candice', 'Dale', 'Chris', 'Christian', 'Mike', 'Sandra', 'Dorothy', 'Ruth', 'Monica', 'Jenna', 'Tammy', 'Melissa', 'Barbara', 'Sally', 'Allen', 'Rita', 'Helen', 'Derrick', 'Judith', 'Drew', 'Peggy', 'Hayden', 'Leah', 'Tanner', 'Sheila', 'Danielle', 'Keith', 'Jesse', 'Willie', 'Leslie', 'Francisco', 'Margaret', 'Whitney', 'Victoria', 'Terri', 'Daniel', 'Bryce', 'Joseph', 'Richard', 'Kayla', 'Brandy', 'Kathy', 'Judy', 'Christie', 'Mark', 'George', 'Megan', 'Tanya', 'Gary', 'Misty', 'Kelsey', 'Stephanie', 'Dakota', 'Juan', 'Debbie', 'Sonya', 'Tommy', 'Sophia', 'Meagan', 'James', 'Melinda', 'Timothy', 'Curtis', 'Brooke', 'Robert', 'Shawn', 'Michelle', 'Donna', 'Carolyn', 'Robin', 'Corey', 'Jeffery', 'Nancy', 'Sara', 'Melvin', 'Deborah', 'Anthony', 'April', 'Ana', 'Maureen', 'Debra', 'Amy', 'Justin', 'Jodi', 'Holly', 'William', 'Christina', 'Bradley', 'Gabriella', 'Vicki', 'Frederick', 'Carrie', 'Bryan', 'Arthur', 'Stacy', 'Billy', 'Raymond', 'Katelyn', 'Gregory', 'Tamara', 'Audrey', 'Hannah', 'Benjamin', 'Tracy', 'Karen', 'Patricia', 'Tina', 'Tyler', 'Jose', 'Claire', 'Andrea', 'Tiffany', 'Kenneth', 'John', 'Rachel', 'Gina', 'Sharon', 'Steven', 'Jack', 'Brent', 'Amber', 'Jerry', 'Warren', 'Savannah', 'Randy', 'Breanna', 'Alyssa', 'Dwayne', 'Teresa', 'Marcia', 'Paul', 'Joanna', 'Casey', 'Cheryl', 'Lance', 'Rick', 'Alicia', 'Sydney', 'Morgan', 'Bianca', 'Johnny', 'Brian', 'Kendra', 'Julian', 'Monique', 'Andrew', 'Emily', 'Bethany', 'Charles', 'Jonathan', 'Angie', 'Taylor', 'Dylan', 'Lauren', 'Bobby', 'Haley', 'Michele', 'Catherine', 'Linda', 'Spencer', 'Ashlee', 'Joel', 'Micheal', 'Jeff', 'Wesley', 'Sarah', 'Cynthia', 'Sheri', 'Scott', 'Ryan', 'Melody', 'Louis', 'Jared', 'Gail', 'Samuel', 'Diane', 'Cassandra', 'Mackenzie', 'Meredith', 'Carol', 'Jacob', 'Alan', 'Travis', 'Guy', 'Jeremy', 'Julia', 'Philip', 'Omar', 'Kristina', 'Tabitha', 'Grace', 'Douglas', 'Adam', 'Denise', 'Nathan', 'Phyllis', 'Ellen', 'Gloria', 'Erica', 'Traci', 'Jennifer', 'Samantha', 'Kylie', 'Heather', 'Diana', 'Greg', 'Calvin', 'Jacqueline', 'Carlos', 'Cameron', 'Mary', 'Cory', 'Craig', 'Joanne', 'Brittany', 'Walter', 'Olivia', 'Sean', 'Lori', 'Terrance', 'Connie', 'Ashley', 'Cesar', 'Nicholas', 'Destiny', 'Kevin', 'Alice', 'Eddie', 'Ian', 'Collin', 'Belinda', 'Stanley', 'Kristin', 'Becky', 'Shannon', 'Colleen', 'Amanda', 'Jill', 'Elizabeth', 'Derek', 'Erika', 'Julie', 'Beth', 'Regina', 'Roberta', 'Ricky', 'Xavier', 'Kathleen', 'Vanessa', 'Maria', 'Kaitlyn', 'Matthew', 'Kurt', 'Jessica', 'Dalton', 'Ariana', 'Jeffrey', 'Donald', 'Patrick', 'Mario', 'Brandon', 'Randall', 'Lawrence', 'Ann', 'Kelly', 'Erik', 'Wayne', 'Veronica', 'Lisa', 'Brianna', 'Toni', 'Melanie', 'Chelsea', 'Frank', 'Shelby', 'Kathryn', 'Valerie', 'Felicia', 'Pamela', 'Martin', 'Aaron', 'Joshua', 'Crystal', 'Susan', 'Jason', 'Natasha', 'Cody', 'Katherine', 'Thomas', 'Tara', 'Jim', 'Harry', 'Vincent', 'Tammie', 'Stephen', 'David', 'Dustin', 'Rebecca', 'Angela', 'Briana', 'Natalie', 'Gerald', 'Marissa', 'Renee', 'Kimberly', 'Michael', 'Brenda', 'Sabrina', 'Bridget', 'Paula', 'Kyle', 'Peter', 'Lindsay', 'Laura', 'Dawn', 'Bill', 'Antonio', 'Eric', 'Kristen', 'Joe', 'Connor', 'Jordan', 'Carl', 'Alex', 'Allison', 'Jamie', 'Theresa', 'Jasmine', 'Christopher', 'Hailey', 'Janet', 'Adriana', 'Anna', 'Christine', 'Jackie', 'Ronald', 'Larry', 'Tami', 'Zachary', 'Sherry']",[],
True,expect_column_to_exist,last,"('', '')",,,,,,,[],
True,expect_column_values_to_not_be_null,last,"('', '')",,,90767,0,0.0,,[],
True,expect_column_values_to_be_in_set,last,"('', '')",,,90767,0,0.0,"['Wilkinson', 'Meza', 'Cabrera', 'Blair', 'Morrison', 'Harvey', 'Harris', 'Carrillo', 'Wheeler', 'Keller', 'Rosales', 'Abbott', 'Whitehead', 'Young', 'Knight', 'Small', 'Mclaughlin', 'Jensen', 'Maxwell', 'Sutton', 'Reese', 'Dixon', 'Andrade', 'Hickman', 'Delacruz', 'Becker', 'Allen', 'Alexander', 'West', 'Lin', 'Eaton', 'Cannon', 'Wright', 'Payne', 'Hayden', 'Watson', 'Waller', 'Sanchez', 'Davis', 'Tucker', 'Conley', 'Whitney', 'Simmons', 'Hendrix', 'Grimes', 'Burgess', 'Beltran', 'Hill', 'Gay', 'Kirk', 'Daniel', 'Orozco', 'Wells', 'Fox', 'Joseph', 'Moss', 'Mann', 'Nguyen', 'Wilson', 'Washington', 'Webster', 'Adkins', 'Drake', 'Smith', 'Vance', 'Dickerson', 'Yoder', 'Cooper', 'George', 'Aguilar', 'Terry', 'Werner', 'Forbes', 'Lee', 'Peters', 'Walls', 'Fitzgerald', 'White', 'Clark', 'Bernard', 'Brewer', 'Thornton', 'Ford', 'Salazar', 'Baldwin', 'Mathis', 'James', 'Carter', 'Mcdonald', 'Hanson', 'Boyd', 'Hurst', 'Novak', 'Greene', 'Stanton', 'Curtis', 'Morales', 'Walker', 'Robertson', 'Vasquez', 'Willis', 'Strickland', 'Camacho', 'Guerra', 'Diaz', 'Black', 'Mendez', 'Gray', 'Stewart', 'Owens', 'Combs', 'Anthony', 'Blackwell', 'Hughes', 'Munoz', 'Fowler', 'Haynes', 'Patel', 'Norris', 'Chung', 'Perry', 'Walsh', 'Jenkins', 'Miles', 'Matthews', 'Garcia', 'Jimenez', 'Mcintyre', 'Burton', 'Bishop', 'Raymond', 'Logan', 'Fuller', 'Marsh', 'Davies', 'Stephens', 'Nolan', 'Kemp', 'Farrell', 'Gregory', 'Perkins', 'Pittman', 'Hayes', 'Tran', 'Gonzalez', 'Quinn', 'Powers', 'Shaffer', 'Floyd', 'Chase', 'Peterson', 'Vega', 'Briggs', 'Luna', 'Dawson', 'Shah', 'Tyler', 'Hunter', 'Ward', 'Hall', 'Gutierrez', 'Hines', 'Park', 'Weber', 'Stevens', 'Alvarez', 'Lawson', 'Jackson', 'Perez', 'Powell', 'Gomez', 'Berry', 'Morris', 'Potter', 'Mckee', 'Warren', 'Rogers', 'Osborne', 'Johns', 'Hale', 'Bailey', 'Campbell', 'Woods', 'Everett', 'Sandoval', 'Hopkins', 'Bentley', 'Gross', 'Casey', 'Yu', 'Ayers', 'Norman', 'Lambert', 'Morgan', 'Hooper', 'Roman', 'Wagner', 'Roach', 'Horn', 'Middleton', 'Schwartz', 'Ellis', 'Dickson', 'Faulkner', 'Taylor', 'King', 'Key', 'Fitzpatrick', 'Gallagher', 'Howell', 'Webb', 'Barnett', 'Maldonado', 'Spencer', 'Pena', 'Patterson', 'Santos', 'Cox', 'House', 'Mclean', 'Caldwell', 'Hodges', 'Curry', 'Copeland', 'Glover', 'Clarke', 'Russell', 'Lopez', 'Gilbert', 'Prince', 'Ramirez', 'Scott', 'Torres', 'Robinson', 'Melton', 'Roy', 'Mcgee', 'Rhodes', 'Ryan', 'Rowe', 'Vaughan', 'Walters', 'Garner', 'Benitez', 'Mccormick', 'Cruz', 'Edwards', 'Cain', 'Garza', 'Choi', 'Sullivan', 'Preston', 'Nixon', 'Byrd', 'Weaver', 'Butler', 'Parker', 'Murray', 'Dunn', 'Vargas', 'Mitchell', 'Stephenson', 'Wall', 'Doyle', 'Escobar', 'Collins', 'Zimmerman', 'Schaefer', 'Conner', 'Summers', 'Chavez', 'Bennett', 'Johnson', 'Williams', 'Duarte', 'Carroll', 'Barnes', 'Nichols', 'Leach', 'Stark', 'Frey', 'Villegas', 'Crane', 'Parrish', 'Thompson', 'Mcbride', 'Jones', 'Rodriguez', 'Ross', 'Hernandez', 'Mason', 'Gibson', 'Odom', 'Shaw', 'Ortega', 'Fisher', 'Mayer', 'Ashley', 'Sanders', 'Hart', 'Myers', 'Dominguez', 'Harper', 'Wood', 'Rodgers', 'Mckinney', 'Holt', 'Martinez', 'Gamble', 'Adams', 'Reyes', 'Castaneda', 'Bryant', 'Graham', 'Henry', 'Lam', 'Jacobs', 'Foley', 'Parsons', 'Hawkins', 'Phillips', 'Newman', 'Foster', 'Roberts', 'Burns', 'Price', 'Howard', 'Marshall', 'Kirby', 'Franco', 'Cook', 'Richards', 'Nunez', 'Flynn', 'Velasquez', 'Waters', 'Dean', 'Daugherty', 'Gordon', 'Wallace', 'Mendoza', 'Estrada', 'Moore', 'Beck', 'Rose', 'Stein', 'Hogan', 'Erickson', 'Miller', 'Terrell', 'Mueller', 'Obrien', 'Hensley', 'Lewis', 'Arnold', 'Ballard', 'Hunt', 'Patrick', 'Pennington', 'Holland', 'Lawrence', 'Baker', 'Huerta', 'Flores', 'Villarreal', 'Kelly', 'Nash', 'Long', 'Garrett', 'Evans', 'Heath', 'Bell', 'Silva', 'Best', 'Fleming', 'Bush', 'Cummings', 'Blanchard', 'Frank', 'Conway', 'Singh', 'Sherman', 'Lowe', 'Bridges', 'Martin', 'Pruitt', 'Padilla', 'Molina', 'Gill', 'Nelson', 'Robles', 'Mccarthy', 'Cole', 'Chandler', 'Colon', 'Thomas', 'Goodman', 'Grant', 'Wise', 'Anderson', 'Rivera', 'Krause', 'Johnston', 'Wolfe', 'Khan', 'Rice', 'Lynch', 'Ayala', 'Skinner', 'Warner', 'Le', 'Simpson', 'Leon', 'Dillon', 'Lane', 'Ray', 'Elliott', 'Bonilla', 'Mayo', 'May', 'Velazquez', 'Murphy', 'Williamson', 'Carr', 'Koch', 'Frost', 'Hardy', 'Farmer', 'Humphrey', 'Kim', 'Patton', 'Carpenter', 'Sheppard', 'Jordan', 'Farley', 'Mcclure', 'Love', 'Zuniga', 'Tapia', 'Olson', 'Castro', 'Banks', 'Leblanc', 'Riddle', 'Juarez', 'Bowen', 'Fernandez', 'Blankenship', 'Daniels', 'Brown', 'Francis', 'Lloyd', 'Cohen', 'Mathews', 'Schmidt', 'Massey', 'Turner', 'Boone', 'Pugh', 'Serrano', 'Brooks', 'Page', 'Roberson', 'Mills', 'Montoya', 'Mcmahon', 'Moreno', 'Carson', 'Flowers', 'Moody', 'Cross', 'Short', 'Hudson', 'Wade']",[],
True,expect_column_to_exist,gender,"('', '')",,,,,,,[],
True,expect_column_values_to_not_be_null,gender,"('', '')",,,90767,0,0.0,,[],
True,expect_column_values_to_be_in_set,gender,"('', '')",,,90767,0,0.0,"['F', 'M']",[],
True,expect_column_to_exist,street,"('', '')",,,,,,,[],
True,expect_column_values_to_not_be_null,street,"('', '')",,,90767,0,0.0,,[],
True,expect_column_values_to_be_in_set,street,"('', '')",,,90767,0,0.0,"['35737 Kirby Fall Suite 409', '7188 Melissa Crest Apt. 151', '319 Wendy Fort Suite 179', '554 Mcdonald Valley Apt. 539', '4138 David Fall', '24318 Dixon Mills', '97689 Davis Point Apt. 967', '9486 Joel Common Suite 554', '3854 Lauren Springs Suite 648', '9016 Jordan Bypass Apt. 516', '05561 Farrell Crescent', '2632 Stevens Light Apt. 213', '715 Courtney Pike Suite 932', '010 Salazar Walk', '145 Jeffrey Key Suite 668', '6313 Scott Trace', '4602 Lopez Glens Suite 900', '76332 Maria Squares', '543 Mindy Oval', '7566 Thompson Creek Apt. 827', '1287 Michael Roads', '9379 Vanessa Run Apt. 400', '7838 Jason Squares', '901 Todd Gardens Apt. 466', '82073 Jessica Camp', '137 Adam Dale', '589 Matthew Brooks', '865 Thomas Village', '6343 Ramirez Skyway Apt. 518', '062 Carl Dam', '2064 Tyler Fork', '1497 West Gateway', '2677 Byrd Village Suite 035', '709 George Underpass Apt. 080', '91745 Davis Crossing', '502 Rice Plaza Apt. 979', '13613 Hammond Ferry', '3277 Fields Meadows Apt. 790', '34180 Lopez Plaza', '8030 Walker Heights', '3653 Ryan Crossroad', '386 Randolph Throughway', '69608 Perez Mountain Apt. 006', '079 Chelsea Rest', '182 Sergio Summit Apt. 129', '135 Joseph Mountains', '622 Robert Summit', '144 Martinez Curve', '05597 Michael Spurs', '2481 Mills Lock', '31701 Tucker Square Suite 893', '6760 Donovan Lakes', '454 Sawyer Forks Apt. 231', '92021 Miranda Meadows', '83555 Melinda Spurs', '519 Jerry Views', '8699 Lindsay Ford Apt. 486', '0688 Kevin Manor', '35822 Clayton Street Apt. 679', '994 Livingston Extensions Suite 918', '1166 Castillo Mountains', '39631 Dunn Radial', '2193 Osborne Run Apt. 789', '199 Patterson Fords Apt. 132', '98897 Bennett Lodge', '8149 Harris Divide', '83685 Matthew Center Suite 870', '969 Huerta Path Apt. 270', '1893 Katie Tunnel', '25955 Amy Via', '37910 Ward Lights', '663 Anna Plaza', '95793 Andrea Ville Suite 533', '01479 Murray Circle', '7377 Walton Extensions Apt. 979', '838 Amy Street Suite 107', '458 Phillips Island Apt. 768', '736 Moss Motorway Suite 549', '071 Wise Trace', '737 Thomas Wall Apt. 502', '4742 Alexandria Mountain', '6340 Jeffrey Dale', '776 Martin Ridge', '3603 Mitchell Court', '50614 Kevin Point', '6274 David Oval Suite 725', '244 Abbott Parkway', '5572 Kelly Plains Apt. 952', '507 John Overpass Suite 424', '00821 Joanna Meadow', '5278 Sarah Station Apt. 009', '954 White Alley Apt. 251', '03368 Michelle Trail', '2123 Jonathan Falls Suite 753', '79816 Jackson Squares', '0043 Henry Plaza', '5939 Garcia Forges Suite 297', '822 Austin Spur', '5053 Bell Crescent Apt. 255', '3683 Parrish Circles', '250 Benjamin Hill Apt. 026', '766 Potter Well', '4503 Patricia Route', '4725 Hurst Curve Apt. 634', '433 John Heights Apt. 849', '0110 Ashley Forest', '169 Edward Inlet', '75703 Hernandez Corner Suite 348', '490 Baldwin Alley Apt. 468', '55363 Aaron Circle Suite 450', '4130 Tiffany Glen Apt. 562', '6458 Roberson Alley', '587 Bradley Inlet Suite 281', '755 Gardner Heights Apt. 420', '047 Kevin Haven', '408 Bradley Rest', '32941 Krystal Mill Apt. 552', '43576 Kristina Islands', '956 Paul Fields Suite 108', '57887 Gutierrez Harbor', '0947 Kelly Courts', '23142 Montoya Island Apt. 742', '911 Sabrina Trafficway', '916 Charles Road', '4720 Anna Ways', '428 Morgan River', '411 Laurie Fords', '77321 Ford Via', '292 Lowe Dam Suite 858', '08932 Bonnie Stravenue', '537 Walker Freeway', '789 Herring Manors', '6114 Adams Harbor Suite 096', '7107 Henderson Station', '6385 Donald Square Suite 429', '181 Moreno Light Apt. 215', '7177 Steven Forges', '078 Alex Fields', '2056 Michael Wells Apt. 348', '949 Smith Parkway', '144 Evans Islands Apt. 683', '0912 Mark Fields Apt. 080', '5517 Stacy Land', '92213 Lee Well', '5205 Annette Islands Apt. 043', '471 Marquez Prairie Suite 680', '980 Smith Gardens', '74890 Rodriguez Springs Apt. 540', '2851 Foster Shoals', '1250 Christopher Prairie Suite 016', '17819 Jose Mount Suite 657', '3160 Tina Estates Suite 234', '5273 Joseph Isle Suite 518', '053 Kim Valley Suite 928', '7683 Natasha Way Apt. 945', '257 Victor Stravenue', '1206 Juan Fort Suite 424', '941 Adam Stravenue', '32301 Albert River Suite 364', '26975 Richardson Mills Apt. 402', '17547 Stephen Turnpike Apt. 846', '5554 Mack Meadows', '14017 Thomas Plaza', '8465 Reed Green Suite 559', '73869 Connie Prairie', '9588 Cox Rapid Apt. 257', '384 Newman Forks Apt. 370', '9431 Amanda Mills', '2924 Bobby Trafficway', '835 Reese Views Suite 884', '57256 Raymond Ports', '302 Christina Islands', '0069 Robin Brooks Apt. 695', '954 Reyes Ways', '8510 Acevedo Burgs', '9572 Austin Forge Suite 612', '354 Gutierrez Gateway', '401 Escobar Port', '63991 Destiny Rue Apt. 651', '901 Ariel Points', '324 Donna Ridge Suite 651', '246 Stewart Green Suite 149', '725 Jo Trace Apt. 102', '4923 Campbell Pines Suite 717', '477 Alejandro Knolls Suite 828', '7507 Larry Passage Suite 859', '62931 Ralph Court', '641 Steven Mall Apt. 299', '7618 Gonzales Mission', '337 Michael Harbors Suite 722', '1742 Brandon Squares Apt. 461', '28777 Stewart Plains Apt. 495', '7309 Sophia Causeway Suite 702', '575 Chapman Union', '81446 Nicole Highway Apt. 874', '2788 Brittney Island', '99736 Rose Shoals Apt. 504', '03921 Cole Mission Suite 882', '3337 Lisa Divide', '6114 Moran Way', '957 Miller Falls', '0953 David Skyway', '4970 Michelle Burgs', '62631 Ashley Ramp Apt. 965', '7314 Johnson Square Apt. 296', '87665 Karen Mill Apt. 586', '9443 Cynthia Court Apt. 038', '03030 White Lakes', '889 Sarah Station Suite 624', '7535 Amanda Manors Suite 293', '610 Samantha Park Suite 149', '2027 Snyder Track', '9471 Wong Islands', '782 Lee Crossing Apt. 209', '374 Christopher Ramp Suite 855', '14601 Downs Skyway Apt. 440', '5812 Ramos Oval Suite 598', '083 Karen Island Apt. 656', '320 Nicholson Orchard', '0547 Russell Ford Suite 574', '3426 David Divide Suite 717', '702 Tabitha Drive', '7320 Jennifer Forges', '13299 Patrick Terrace', '7421 Serrano Lane Apt. 580', '83719 Wilson Shore', '672 Randall Burg Suite 551', '0374 Courtney Islands Apt. 400', '39227 Mcpherson Shoals', '68276 Matthew Springs', '0189 Emily Prairie', '89650 Patricia Turnpike', '47029 Jimmy Tunnel Apt. 106', '566 Megan Well', '619 Jeremy Garden Apt. 681', '920 Patrick Light', '1976 Tyler Underpass', '234 Bridges Wells Apt. 389', '25887 Martin Inlet', '97070 Anderson Land', '663 Ramirez Trace Apt. 951', '69085 Short Shores', '91644 Crystal Drives', '0005 Morrison Land', '23220 Eaton Harbors', '098 Stewart Hill', '85344 Smith Gateway Apt. 280', '63542 Luna Brook Apt. 012', '86542 Jessica Fords Apt. 706', '838 Franklin Prairie Apt. 902', '4879 Cristina Station', '1125 Ray Track', '32745 Silva Springs Suite 040', '27203 Darrell Landing', '220 Frank Gardens', '6278 Stephanie Unions', '574 Patricia Extensions', '582 Rodriguez Wells', '155 Gregory Mount Suite 791', '7281 Joshua Mills Apt. 077', '3206 Hall Divide Suite 282', '5569 Phillips Neck Apt. 003', '9455 Kathleen Brook Apt. 651', '393 Carroll Route Suite 197', '25748 John Wells', '321 Camacho Causeway', '033 Tara Brook Suite 523', '5097 Jodi Vista Suite 811', '13108 Jennifer Passage', '875 Amy Point', '428 Michael Tunnel Apt. 377', '61390 Hayes Port', '1984 Taylor Island Suite 836', '89297 Wilson Green Suite 601', '87896 Lisa Burgs', '5395 Colon Burgs Suite 037', '3310 Davidson Spurs Apt. 107', '198 Candace Plaza', '7600 Stephen Course Suite 031', '56812 Francis Courts', '000 Jennifer Mills', '952 Joseph Throughway', '6412 Elizabeth Gardens Suite 633', '1626 Susan Course', '646 Louis Fort Apt. 665', '118 Justin Extension', '022 Moore Island', '8611 Tricia Fork', '977 Rita Grove Apt. 000', '3645 Atkins Island Apt. 238', '539 Underwood Divide', '754 Elliott Creek', '0157 Samuel Mission Suite 379', '9853 Flynn Hollow Apt. 602', '154 Hernandez Keys', '621 Smith Hollow Apt. 738', '21178 Brittney Locks', '21326 Taylor Squares Suite 708', '5745 Blair Locks', '06959 Stephen Branch Suite 246', '4548 Werner Wells Apt. 441', '425 Caleb Point Apt. 050', '358 Pruitt Square', '43039 Riley Greens Suite 393', '252 Melissa Rapids Suite 944', '4349 Anna Flat Suite 214', '87198 Macias Drive Suite 389', '669 Moore Shoal', '330 Montoya Ramp', '950 Dunn Squares', '05050 Rogers Well Apt. 439', '862 Anderson Highway', '26678 Lisa Locks Apt. 904', '23843 Scott Island', '7351 Cindy Well Suite 099', '86882 Desiree Camp Suite 047', '5901 Foster Pine', '20938 Barbara Viaduct', '478 George Course Apt. 056', '16744 Campbell Wall Apt. 372', '576 House Crossroad', '982 Melissa Lock', '740 Moses Trail Suite 452', '33010 Ford Harbor Apt. 887', '26544 Andrea Glen', '126 Underwood Drive', '28711 Kristine Junction Suite 309', '32600 Cobb Curve', '94225 Smith Springs Apt. 617', '46809 Toni Flat Suite 216', '40847 Stark Junctions', '04139 Johnson Prairie Suite 401', '5270 Megan Burg Suite 756', '194 Goodman Fall Apt. 569', '47035 Murray Harbors', '3433 Jones Branch', '12087 Michael Light', '64851 Cole Turnpike', '3861 Anderson Ramp Apt. 536', '583 Gray Creek', '6744 Jimmy Extensions', '574 David Locks Suite 207', '83690 Nicholas Ports Apt. 846', '7644 Joseph Fields', '9412 Harris Mews', '2622 Reynolds Isle', '118 Cabrera Springs Apt. 105', '24191 Elizabeth Mill', '8973 Mark Drive', '445 Jerry Lights Apt. 081', '62130 Miller Square Suite 785', '0654 Kevin Turnpike Apt. 084', '754 Smith Isle', '5045 Emily Wall', '7337 Browning Falls Suite 027', '3522 Park Wells Suite 528', '168 Michael Coves Suite 343', '56160 Nicholas Isle', '682 Mills Way Apt. 814', '954 Green Wall', '956 Sanchez Highway', '713 Scott Pike Apt. 712', '40624 Rebecca Spurs', '66035 Benjamin Villages', '0582 Williams Isle Apt. 039', '8206 Harris Extensions Apt. 996', '06393 Nancy Parkways Suite 855', '516 Brown Parks', '1683 Davidson Freeway', '742 Oneill Shore', '3326 Hannah Fords', '343 Hannah Parkway', '5537 Jessica Plaza', '6983 Carrillo Isle', '9345 Spencer Junctions Suite 183', '7340 Mcgrath Islands', '31472 Cody Place Suite 740', '8957 Russell Key', '9795 Lori Island Suite 346', '4936 Michelle Points', '8415 Vaughn Squares Apt. 788', '169 Shelia Knoll Suite 753', '5323 Walker Island', '8614 Reed Glen', '872 Justin Views Suite 746', '292 Cassidy Oval', '369 Cochran Radial', '7233 John Parks', '2674 Bentley Radial', '9670 Monroe Junctions', '269 Sanchez Rapids', '874 Fred Knolls Apt. 609', '63502 Brown Road Apt. 318', '5796 Lee Coves Apt. 286', '4655 David Island', '4940 Donald Throughway Apt. 219', '72966 Shannon Pass Apt. 391', '273 Phillip Throughway', '7020 Doyle Stream Apt. 951', '380 Martin Mission', '97405 Vazquez Plains', '45654 Hess Rest', '994 Grant Mall', '659 Nicole Cove Suite 560', '892 Solis Neck', '658 Diane Glen Apt. 677', '0107 Clements Point', '6602 Ortiz Pine Apt. 179', '11014 Chad Lake Apt. 573', '6911 Nicholas Keys Apt. 237', '8425 Daniel Knolls Suite 288', '83359 Lopez Point', '64965 Morris Hollow Suite 323', '7055 Fernandez Estates Apt. 676', '597 Jenny Ford Apt. 543', '400 Zuniga Pine', '8738 Richard Brooks', '2870 Bean Terrace Apt. 756', '701 Wilson Divide', '209 Austin Stream Apt. 231', '653 Jessica Extension Apt. 668', '44864 Melton Vista Suite 310', '109 Brian Lights Apt. 504', '55505 Christy Via', '1299 Joshua Plains', '15315 Vaughn Park Suite 356', '1145 Tony Drive Suite 080', '0701 John Ranch', '43809 Kenneth Circles Suite 152', '3437 Ross Flat Apt. 592', '995 Benjamin Bypass', '376 John Fork Suite 848', '686 Linda Rest', '4440 George Mills Suite 591', '212 Mary Stream', '030 Seth Divide Suite 355', '7178 Willis Drive', '172 Paula Inlet Apt. 650', '4257 Perez Mall', '66234 Hall Lock Suite 758', '6296 John Keys Suite 858', '886 Nicole Key', '837 Kimberly Turnpike', '46095 Tara Fords', '21447 Powell Circle', '39787 Pamela Fall Suite 639', '26572 Hodge Villages Suite 512', '594 Berry Lights Apt. 392', '01892 Patricia Vista Apt. 828', '21810 James Mall', '923 Jordan Road', '1898 Parker Fork Apt. 057', '25454 Leonard Lake', '04611 Sandra Spring Suite 059', '919 Miller Isle', '493 Todd Views', '78117 George Mountains', '5654 Peterson Land', '8850 Jessica Center', '3495 Williams Stream', '1025 Robin Square', '47152 Clayton Burg', '8172 Robertson Parkways Suite 072', '4739 Martin Common', '265 Mullen Park Apt. 307', '79472 Stevens Trace Apt. 120', '034 Kimberly Mountains', '16285 Jessica Lights', '67632 Martin Gateway', '431 Tracy Expressway', '1339 Johnson Landing Suite 007', '3136 Silva Stream', '715 Joy Prairie', '184 Miller Manors', '82468 Michelle Village Suite 556', '1447 Ryan Lodge', '31281 Thomas Inlet', '7452 Browning Port', '93970 Trujillo Causeway', '9808 Ellis Bypass', '3703 Benson Wells', '31954 Eugene Lane Suite 572', '707 Anthony Causeway', '28812 Charles Mill Apt. 628', '6003 Brady Shoal Apt. 449', '5930 Rebecca Bridge Apt. 444', '622 Robin Run Suite 764', '06730 Joshua Isle Suite 555', '622 Williams Trafficway', '8619 Lisa Manors Apt. 871', '6447 Johnson Estates Apt. 986', '75533 Tamara Valleys', '7915 Dawn Roads Apt. 544', '94975 David Mews Apt. 316', '927 Cummings Manor Suite 318', '62934 Maria Cliffs Suite 350', '6027 Scott Meadows Suite 494', '54822 Hill Forks', '329 Emily Cape', '94431 Matthew Mall Suite 296', '4177 Rosales Summit Apt. 973', '93914 Gregory Via', '4529 Cannon Alley', '08056 Alvarado Club Suite 699', '979 Stewart Lake', '2887 Olson Road Suite 439', '384 Jonathan Hills', '382 Williams Stream Suite 197', '71309 Martinez Stravenue', '3867 Susan Corners Apt. 883', '1441 Bradley Place', '6778 Campos Field', '615 Clarke Spring Apt. 172', '5452 Patricia Inlet Apt. 280', '12444 Jacob Pines', '9727 Deleon Mountain', '07712 Marcus Divide Apt. 831', '477 Wheeler Burg', '586 Thomas Cliffs', '07943 Davis River', '4664 Sanchez Common Suite 930', '8617 Holmes Terrace Suite 651', '42933 Ryan Underpass', '950 Sheryl Spurs', '3638 Marsh Union', '7952 Karen Pike', '1323 Derek Mission', '560 Molina Path', '2881 Frey Village', '9870 Collins Flat', '01505 Amy Stravenue', '2497 John Motorway Suite 922', '25961 Beverly Union Apt. 042', '250 Carrie Throughway', '27479 Reeves Dale', '13776 Hicks Plains', '2819 Luke Greens Suite 563', '8580 Moore Cove', '351 Darlene Green', '0207 Griffith Plains Apt. 544', '304 Ryan Port Suite 335', '1233 Sutton Road Suite 701', '542 Finley Ports Apt. 396', '24607 Charles Mountains', '825 Martinez Springs Apt. 625', '75952 Wilson Course', '864 Reynolds Plains', '4038 Smith Avenue', '621 Reilly Road Apt. 756', '72030 Shelton Crossing Apt. 742', '20581 Pena Walks', '8829 Steele Station', '350 Stacy Glens', '117 Natasha Vista Suite 936', '463 Willie Estates', '128 Nathan Ramp', '88794 Mandy Lodge Apt. 874', '2807 Parker Station Suite 080', '02110 Lucas Freeway Suite 517', '6682 Green Forks', '1535 Ryan Burgs Suite 919', '74835 Garner Point', '0881 Lori Pines', '4470 Jillian Courts', '79019 Taylor Cliffs', '121 Solis Summit Apt. 934', '474 Allen Haven', '7854 Stephanie Island Suite 788', '8498 Lisa Stream', '010 Weaver Land', '48437 English Ways Suite 579', '193 Catherine Ways', '3047 Jeff Place', '9297 Victor Rest Apt. 382', '3789 Mark Walks', '1004 Willis Pass', '91542 Marissa Shores Apt. 053', '8152 Brittany Centers', '651 Miller Common', '550 Cunningham Squares', '572 Davis Mountains', '0665 Lisa Alley', '3270 Scott Islands', '0495 Baker Manors', '9886 Anita Drive', '31493 Garcia Summit', '8011 Chapman Tunnel Apt. 568', '9331 Robert Passage Suite 327', '622 Bradley Knoll Apt. 758', '312 Eric Expressway Apt. 014', '8969 Fuentes Station Apt. 291', '6807 Jacob Skyway Apt. 331', '557 Lynn Garden Suite 907', '057 Martinez Radial', '1833 Jeanette Stravenue', '5783 Evan Roads Apt. 465', '70858 Jasmine Meadows Apt. 135', '464 Newman Crossroad', '082 Hernandez Bypass Apt. 886', '265 Christian Summit Suite 231', '200 Christie Mills Apt. 307', '18316 Cannon Place', '5069 Scott Pass Apt. 654', '433 Blake Roads Suite 967', '1198 Robert Stravenue Apt. 479', '908 Brooks Brook', '830 Myers Plaza Apt. 384', '25036 Contreras Turnpike Suite 270', '857 Aaron Circles Suite 398', '76752 David Lodge Apt. 064', '755 Moses Harbor', '2838 White Fields Apt. 473', '005 Cody Estates', '899 Michele View Suite 960', '92811 Jared Spur Apt. 345', '152 James Centers Apt. 768', '9579 Porter Tunnel', '868 Brady Mill Apt. 837', '67089 Caitlin Meadow Apt. 905', '50932 Neal Valley', '0638 Fred Ramp Suite 086', '10376 Bullock Rapid', '19838 Tonya Prairie Apt. 947', '61107 Edwards Dam Apt. 463', '086 Pierce Cove', '46297 Benjamin Plains Suite 703', '598 Martin Pine Suite 365', '42965 Christopher Fords Suite 659', '296 Maria Street', '1852 Vincent Isle Suite 328', '976 Hubbard Lodge', '3316 Cindy Land', '707 Butler Parkways Apt. 747', '248 James Squares Apt. 838', '594 White Dale Suite 530', '9333 Valentine Point', '1632 Cohen Drive Suite 639', '6014 Thomas Throughway', '6366 French Field', '95835 Garcia Rue', '551 Zachary Freeway', '9242 Vanessa Ramp Apt. 525', '841 Cheryl Centers Suite 115', '9824 Mitchell Run', '23383 Denise Pine Apt. 099', '7529 Carter Well Suite 262', '4293 Ramirez Squares', '298 Kayla Lights', '231 Flores Pass Suite 720', '27909 Peter Motorway', '7955 Allen Orchard Apt. 336', '53142 Katrina Roads Suite 889', '4511 Choi Lock', '1471 Alicia Flat Apt. 993', '933 Martin Rapids', '58665 Nicholas Ford Suite 348', '6888 Hicks Stream Suite 954', '213 Gill Expressway', '446 Daniel View Suite 663', '561 Little Plain Apt. 738', '5097 Martin Ridges', '7302 Samantha Mission', '371 Anthony Trail Suite 354', '543 Ware Path Apt. 593', '7483 Navarro Flats', '5364 William Harbor', '0611 Stafford Valley Suite 504', '162 Jessica Row Apt. 072', '40178 Lisa Mission', '084 Holmes Avenue Suite 206', '90662 Lewis Avenue', '27718 Mason Bypass', '8851 Reese Neck', '25360 Mcgee Forge', '821 Solis Points', '478 Donovan Corners Apt. 803', '295 Page Creek Suite 181', '22502 Baker Mount Suite 241', '748 Bryan Fields Suite 935', '1049 John Ports Suite 057', '1499 Michael Rue', '00315 Ashley Valleys', '793 Hooper Tunnel Suite 154', '101 Carla Loop', '611 Michael Rue', '290 Kathryn Fall', '526 Stacy Walks', '5155 Mary Common Apt. 927', '3539 Mckenzie Stream', '1911 Fisher Brook', '32343 Saunders Course', '1943 Dennis Inlet Suite 145', '838 Dan Haven Suite 003', '7470 John Tunnel Suite 937', '5916 Susan Bridge Apt. 939', '624 Hale Springs Apt. 572', '84033 Pitts Overpass', '836 Stephanie Union', '1561 Chase Grove', '44089 Carrie Crossing Suite 954', '222 Freeman Islands', '7428 Martinez Flats', '343 Joshua Views', '046 Michelle Fort Suite 314', '07177 William Dale Apt. 547', '72743 Brian Run', '95351 Sullivan Viaduct Apt. 239', '165 Jerry Meadows Suite 460', '50843 Vincent Mission', '555 Michael Burgs', '79414 Clark Lakes Suite 966', '0362 Anderson Wall', '3256 Brooks Field', '815 Heather Divide Apt. 965', '08966 Beltran Route Suite 905', '26615 Nelson Lane', '28223 Ward Summit Apt. 664', '41851 Victor Drives Suite 219', '537 Rice Square Suite 040', '144 Yu Locks Apt. 754', '172 Leonard Island', '6157 Nichols Mews', '36659 Smith Club Apt. 080', '9383 Garrison Inlet Apt. 548', '95017 Kevin Expressway', '5204 Robinson Plaza Suite 897', '3896 Gilmore Mill', '9554 Flores Drive', '44259 Beth Station Suite 215', '195 Murray Overpass Apt. 384', '7202 Jeffrey Mills', '8840 Miller Port Suite 645', '180 Graves Shore', '77921 Costa Villages', '7911 Campbell Crossing Apt. 725', '3304 Hernandez Run', '87227 Tapia Burgs', '6033 Young Track Suite 804', '062 Poole Hollow Apt. 815', '25713 Hamilton Grove Apt. 903', '6963 Russell Causeway Suite 231', '03090 Fisher Forges Apt. 200', '37732 Joe Courts Apt. 752', '609 Hunt Grove', '36366 Smith Road', '7118 Jessica Unions Apt. 789', '2306 Clark Ranch Suite 515', '4456 Dunn Roads', '5619 Mendoza Inlet', '486 Wilkins Pines', '731 Watson Spring', '4938 Hatfield Course', '27386 Snyder Station', '383 Long Islands', '5449 Brandi Heights Apt. 111', '47144 Roberts Keys', '44197 Jeffrey Port Suite 050', '174 Jennifer Meadow Apt. 467', '39218 Baker Shoals', '1652 James Mews', '542 Howe Mission Apt. 092', '58188 Madison Meadow Apt. 949', '69252 Oconnor Alley Apt. 153', '670 Le Meadows Suite 250', '383 Contreras Hills Suite 658', '77872 Andrea Glen Apt. 543', '35440 Ryan Islands', '2076 Thomas Roads Suite 970', '1980 Vasquez Manors Apt. 574', '09419 Lewis Rapids', '542 Steve Curve Suite 011', '6638 Lucero Mill Suite 952', '508 Erin Mount', '529 West Key', '9612 Robert Light Apt. 340', '17355 Mendoza Bypass Suite 059', '019 Kimberly Light Apt. 039', '240 Tracy Forges', '3283 James Station', '494 Burke Ports', '674 Maureen Summit Apt. 276', '95488 Cabrera Well', '6251 Payne Flats Apt. 581', '3312 Rachel Parks Suite 474', '478 Alexandria Mount', '44417 Williams Manors', '7898 Wanda Springs', '85932 Marc Throughway Apt. 080', '826 Benjamin Stravenue', '2918 David Spurs', '426 Mark Ports', '0423 Kirby Field Suite 623', '268 Hayes Rue Suite 811', '1007 Colton Forks', '77944 Daniels Valley Suite 921', '4483 Sharp Ferry Apt. 468', '897 Daugherty Mission', '7402 West Ranch', '44951 Williams Brooks', '138 Stephen Ridges Apt. 978', '88325 Brandon Greens Apt. 477', '38352 Parrish Road Apt. 652', '78652 Scott Ports', '24255 Bryan Square', '82448 Tucker Cliff', '2161 Blankenship Freeway', '166 Lisa Fords', '242 Brian Mountain', '285 George Lake', '444 Robert Mews', '616 Jimenez Meadow Apt. 701', '558 Michael Estates', '29606 Martinez Views Suite 653', '48635 Paul Hills', '852 Thomas Well Suite 339', '588 Smith Lights Suite 786', '17667 Price Spur Apt. 366', '82201 Bradley Radial Suite 703', '334 Adam Mountains Apt. 868', '3872 Matthew Skyway', '23656 Harris Gardens Suite 698', '00378 Sarah Burgs Suite 106', '639 Cruz Islands', '3531 Hamilton Highway', '6574 William Hill Apt. 375', '72269 Elizabeth Field Apt. 132', '8929 Phillips Corners Suite 259', '77663 Colleen Freeway', '6881 King Isle Suite 228', '329 Michael Extension', '495 Fisher Throughway', '6139 Mark Rapid Apt. 651', '147 Mckinney Run Apt. 743', '27823 Andrew Underpass Suite 948', '6611 Parrish Garden Apt. 428', '8986 Fitzgerald Plains', '1831 Faith View Suite 653', '230 Ryan Tunnel Apt. 025', '3423 Michael Canyon Suite 276', '22084 Smith Roads Suite 776', '85430 Julie Trafficway Suite 792', '43235 Mckenzie Views Apt. 837', '30587 Fox Shores Apt. 627', '4319 Watson Shoals Suite 658', '7921 Robert Port Suite 343', '3325 Gregory Square', '9047 Rodriguez Turnpike', '77127 Paul Station Apt. 495', '386 James Roads Apt. 233', '244 Jeffery Rapids', '50872 Alex Plain Suite 088', '840 Werner Lock Apt. 852', '3512 Knight Center', '28311 Dennis Trace', '043 Hanson Turnpike', '4900 Curtis Gardens Suite 952', '0356 Sarah Light', '13956 Hughes Causeway Suite 124', '0182 Owens Burgs Suite 480', '84079 Thomas Burgs', '696 Matthew Ford Suite 157', '870 Rocha Drive', '2970 Flores Brooks', '37426 Olson Villages', '204 Ashley Neck Apt. 169', '517 Vasquez Lodge', '3595 Susan Island Suite 063', '5758 Yates Center', '2989 Murray Inlet', '69459 Rachel Prairie Apt. 850', '65417 Walsh Radial Suite 691', '9134 Darryl Flat Suite 916', '04975 Allison Shoal', '974 Cindy Stream', '06808 Ryan Valleys', '7812 Shane Shoals Apt. 607', '907 Courtney Via Apt. 896', '0925 Lang Extensions', '4005 Dana Glens', '493 Fitzgerald Fields Suite 454', '08580 Jeremy Falls', '17666 David Valleys', '210 Dean Causeway Suite 130', '67210 Lori Creek', '28925 Powell Mountains Apt. 762', '49120 Regina Island Apt. 170', '2711 Duran Pines', '861 Karen Common', '08236 Kim Hill', '68248 Deanna Land', '5036 Victoria Ports Suite 249', '721 Jacqueline Brooks', '529 Joshua Knoll Apt. 511', '7538 Carrie Meadow Suite 574', '0371 Aimee Neck Suite 856', '5884 Sandoval Square Apt. 371', '673 Delgado Burg', '7369 Gabriel Tunnel', '148 Baker Field', '133 Alyssa Plains', '0537 Margaret Common Suite 526', '20937 Reed Lakes Apt. 271', '785 Kevin Walk Suite 237', '81708 Christopher Plaza', '376 Brown Courts', '70147 Amanda Fields', '33165 Larry Walks Suite 960', '7290 Ashlee Keys', '54220 April Union Suite 403', '153 Mccullough Springs Apt. 857', '025 White Fork Apt. 633', '79209 Gary Dale', '27720 Martin Hills', '372 Jeffrey Course', '81261 Garcia Underpass Suite 741', '29156 Mark Park Apt. 108', '02018 Gary Key Apt. 911', '094 Owens Underpass', '759 Erin Mount Suite 956', '6970 Blake Trail', '20788 Johnson Crest', '3379 Williams Common', '8925 Nicholas Points', '065 Jones Stravenue', '362 Brown Wall', '767 Adam Mill Apt. 115', '9734 Beard Fields Suite 885', '70761 Fitzpatrick Brooks Suite 631', '43075 Cohen Shoals', '797 Jennifer Loop Suite 634', '06539 Gregory Mountains Suite 029', '58761 Brewer Rapids', '03512 Jackson Ports', '853 Miller Bypass Suite 802', '0900 Beverly Landing', '53696 Laura Radial', '4215 Miranda Field Suite 326', '755 Solis Isle Suite 075', '3305 Angel Grove Apt. 465', '125 Kristen Dale', '8088 Sherman Radial Suite 689', '854 Walker Dale Suite 488', '561 Perry Cove', '8030 Beck Motorway', '3786 Hale Corners', '997 Cameron Meadow Apt. 980', '524 Wu Spurs Suite 894', '96122 Steven Flat', '6993 Carr Lodge Apt. 311']",[],
True,expect_column_to_exist,city,"('', '')",,,,,,,[],
True,expect_column_values_to_not_be_null,city,"('', '')",,,90767,0,0.0,,[],
True,expect_column_values_to_be_in_set,city,"('', '')",,,90767,0,0.0,"['Kingsville', 'Moriarty', 'Brashear', 'Haines City', 'Oakford', 'Allenhurst', 'Lowell', 'Centerview', 'Cressona', 'West Monroe', 'Thornville', 'Mansfield', 'Sprague', 'Barnstable', 'Benton', 'Putnam', 'Hills', 'Hancock', 'Corriganville', 'Pembroke', 'Parkers Lake', 'Phelps', 'Keller', 'Mc Veytown', 'Jermyn', 'East Canaan', 'Methuen', 'Harborcreek', 'New Boston', 'Nobleboro', 'Diamond', 'Cass', 'Big Creek', 'Browning', 'Linthicum Heights', 'Ruth', 'Camden', 'Pueblo', 'Gaithersburg', 'Downsville', 'Barnard', 'Hampton', 'Grandview', 'Roosevelt', 'Grover', 'Florence', 'Oakdale', 'Greenbush', 'Grenada', 'Mayersville', 'Pewee Valley', 'Houston', 'Lawn', 'Shedd', 'Pleasant Hill', 'Grassflat', 'Wilmette', 'Burns Flat', 'Wales', 'Texarkana', 'New Goshen', 'Girard', 'Wetmore', 'Hatch', 'Albany', 'Lohrville', 'East Andover', 'Kenner', 'Monmouth Beach', 'Center Tuftonboro', 'Cardwell', 'Early', 'Bowdoin', 'Newark Valley', 'Wartburg', 'Norwalk', 'Carlotta', 'Tuscarora', 'Greenville', 'Fiddletown', 'Lamberton', 'Kings Bay', 'Winthrop', 'Portland', 'Port Saint Lucie', 'Rocky Mount', 'Deadwood', 'Barneveld', 'Chatham', 'Orange Park', 'Hopewell', 'Saint Paul', 'Surrency', 'Marietta', 'Utica', 'Bowersville', 'Port Gibson', 'Pomona', 'Deane', 'Llano', 'Brantley', 'Pea Ridge', 'Kirk', 'Westerville', 'Stirling', 'West Chazy', 'Eldridge', 'Romulus', 'Columbia', 'Emporium', 'Pointe Aux Pins', 'Gibsonville', 'Heart Butte', 'Bronx', 'Paradise Valley', 'Keisterville', 'Clarks Mills', 'Mount Morris', 'Providence', 'Irwinton', 'Washington', 'Falconer', 'Olmsted', 'Bay City', 'Apison', 'Phenix City', 'Syracuse', 'Wichita', 'Brooklyn', 'Clarksville', 'Cedar', 'Lockhart', 'Montandon', 'Cuyahoga Falls', 'Nicholson', 'Altonah', 'North Tonawanda', 'Williamsburg', 'Washoe Valley', 'Sula', 'Ashfield', 'Viola', 'Wauchula', 'Tomales', 'Bolivar', 'Hovland', 'North Washington', 'Harrodsburg', 'Lowville', 'West Palm Beach', 'Woods Cross', 'West Decatur', 'Westfir', 'Vanderbilt', 'Egan', 'Moab', 'Sturgis', 'Heiskell', 'Hedley', 'Livonia', 'Huntington Beach', 'Fulton', 'Cochranton', 'Ford', 'Montgomery', 'Paint Rock', 'Mooresville', 'Belmont', 'Bagley', 'Mobile', 'Norman Park', 'Umatilla', 'Zaleski', 'New Ellenton', 'Glen Rock', 'Port Costa', 'Coyle', 'Boyd', 'Angwin', 'Lahoma', 'Tupper Lake', 'Jay', 'Brinson', 'Mount Saint Joseph', 'Palmdale', 'Collegeville', 'Murfreesboro', 'Tower Hill', 'Plainfield', 'Metairie', 'Winfield', 'Delhi', 'Byesville', 'Oak Hill', 'Laguna Hills', 'Brainard', 'Espanola', 'Canton', 'Hubbell', 'Belgrade', 'Pikesville', 'Ragland', 'Fenelton', 'Alder', 'Rochester', 'Phoenix', 'Cranks', 'North Wilkesboro', 'Jefferson', 'Ozawkie', 'Issaquah', 'Veedersburg', 'Malad City', 'Birmingham', 'Ogdensburg', 'Burbank', 'Dresden', 'Moravian Falls', 'Harwood', 'Moro', 'Sunflower', 'North Augusta', 'Louisiana', 'Tickfaw', 'Afton', 'Baroda', 'Waynesfield', 'Mounds', 'Harmony', 'Washington Court House', 'Haynes', 'Yellowstone National Park', 'Indian Wells', 'Owensville', 'Bradley', 'Naples', 'Scarborough', 'West Bethel', 'Nazareth', 'Aurora', 'Saint Amant', 'Newberg', 'De Lancey', 'Matthews', 'Matawan', 'Lakeland', 'Westhampton Beach', 'Powell Butte', 'Dublin', 'Port Charlotte', 'Colorado Springs', 'Maysville', 'Dell City', 'Summerfield', 'Loxahatchee', 'Bethel', 'Logan', 'Paris', 'Zavalla', 'Sterling City', 'Dayton', 'Greenwood', 'Gadsden', 'Edinburg', 'Kirtland Afb', 'Georgetown', 'Gregory', 'Bolton', 'Dunlevy', 'Pembroke Township', 'University', 'Sachse', 'Loami', 'Azusa', 'Noblesville', 'Claremont', 'Cadiz', 'Orangeburg', 'Brooklin', 'Rosewood', 'Winter', 'Milner', 'Monetta', 'Tyler', 'Wilton', 'Tiptonville', 'East Rochester', 'Basye', 'Cisco', 'Unionville', 'El Paso', 'Ferney', 'Noonan', 'Manquin', 'North East', 'Marienville', 'Mc Clellandtown', 'Glendale', 'Timberville', 'Shenandoah Junction', 'Beaver Falls', 'Blairstown', 'Burke', 'Kissee Mills', 'Cherokee Village', 'Kansas City', 'Valentine', 'Thrall', 'Enola', 'Jackson', 'Rumely', 'Miamisburg', 'Skytop', 'Daly City', 'Powell', 'Creedmoor', 'Winslow', 'Reynolds', 'North Brookfield', 'Fayetteville', 'Fort Myers', 'Mc Nabb', 'Grand Bay', 'Fairview', 'Waupaca', 'Parks', 'Wendel', 'Greenport', 'Alva', 'Du Pont', 'Sardis', 'Warren', 'Prairie Hill', 'Luzerne', 'Webster City', 'Saint Bonaventure', 'Bailey', 'Paulding', 'Campbell', 'Omaha', 'Lithopolis', 'Weeping Water', 'Lagrange', 'Chester Heights', 'Hurricane', 'Graniteville', 'Broomfield', 'Irvine', 'Collettsville', 'Whaleyville', 'Humble', 'Creola', 'Lima', 'Hopkins', 'Fort Washakie', 'Titusville', 'Orient', 'Milford', 'High Rolls Mountain Park', 'Tampa', 'Wittenberg', 'Norman', 'Laredo', 'Armagh', 'Johns Island', 'Princeton', 'Moss Point', 'Lonetree', 'Old Hickory', 'Oran', 'Hooper', 'Rockwell', 'Palermo', 'Ruidoso', 'Gainesville', 'Pelham', 'Waukesha', 'Kaktovik', 'Desdemona', 'Armonk', 'Rossville', 'Athena', 'Cleveland', 'Nanuet', 'Lubbock', 'Coleharbor', 'Falls City', 'Arvada', 'Manley', 'Denham Springs', 'Scotia', 'Lolita', 'Ollie', 'Aledo', 'Elberta', 'Northport', 'Wilmington', 'Spencer', 'North Loup', 'Moscow', 'Ringwood', 'Burrton', 'Roseland', 'Shrewsbury', 'West Green', 'Vinton', 'Howes Cave', 'Deltona', 'Bonita Springs', 'San Antonio', 'Indianapolis', 'Queen Anne', 'Knoxville', 'Stillwater', 'Dadeville', 'Mesa', 'Bridgeport', 'Cazenovia', 'Rule', 'Lakeport', 'Clarinda', 'De Witt', 'Clay Center', 'Coleman', 'Odessa', 'Spirit Lake', 'Claypool', 'Melbourne', 'North Prairie', 'White Sulphur Springs', 'Ruckersville', 'Iliff', 'Richland', 'Pittsburgh', 'American Fork', 'Blooming Grove', 'Honokaa', 'Akron', 'Sun City', 'Bauxite', 'Scotland', 'Meredith', 'Gardiner', 'Mountain Center', 'Woodville', 'Bynum', 'Murrayville', 'Crownpoint', 'Plymouth', 'Corona', 'Premier', 'Munith', 'Lebanon', 'Independence', 'Preston', 'Rock Springs', 'Rock Glen', 'Riverview', 'Oconto Falls', 'Blairsden-Graeagle', 'Lake Oswego', 'Cord', 'Esbon', 'New York City', 'Annapolis', 'North Las Vegas', 'Farmington', 'Brownville', 'Hahira', 'Alton', 'Parker', 'Granbury', 'Louisville', 'Alexandria', 'Rhame', 'Littleton', 'Corsica', 'Stanchfield', 'Jaffrey', 'Carlisle', 'Spearsville', 'Valdosta', 'Great Mills', 'Prosperity', 'Varnell', 'Eureka', 'Luray', 'Glade Spring', 'Monitor', 'North Judson', 'Ronceverte', 'Cecilton', 'Southfield', 'Purmela', 'Shippingport', 'Mount Perry', 'Red Cliff', 'West Columbia', 'Blackville', 'Newport', 'Rock Tavern', 'Irvington', 'Dallas', 'Atglen', 'Vancouver', 'Schaefferstown', 'Williams', 'Milwaukee', 'Muskegon', 'Lonsdale', 'Watertown', 'Whittemore', 'Carroll', 'Elizabethtown', 'Garrattsville', 'Greenwich', 'Orr', 'Walnut Ridge', 'Melville', 'June Lake', 'Halma', 'Fullerton', 'Karnack', 'Maria Stein', 'Greendale', 'La Grande', 'Easton', 'Smithfield', 'Harrington Park', 'Freedom', 'Montrose', 'Marathon', 'Leo', 'New Memphis', 'Spring', 'Damascus', 'Mount Clemens', 'Sheffield', 'Thompson', 'Jordanville', 'Oakland', 'San Diego', 'Springfield Gardens', 'Jones', 'Grand Junction', 'Pearlington', 'Los Angeles', 'Schaumburg', 'Smith River', 'Avera', 'Napa', 'Amorita', 'Galatia', 'Uledi', 'Steuben', 'Huslia', 'Dexter', 'Oaks', 'Notrees', 'Edmond', 'Springfield', 'Tomahawk', 'East China', 'Saint Louis', 'Saint James City', 'Hawley', 'Detroit', 'Bigelow', 'Oxford', 'Mount Vernon', 'Trenton', 'Haw River', 'South Hero', 'Margaretville', 'Parsonsfield', 'Sea Island', 'Cassatt', 'Seneca', 'Dubre', 'Harper', 'Edisto Island', 'Moundsville', 'Cascade Locks', 'Atlantic', 'Kittery Point', 'Arcadia', 'Thida', 'Lomax', 'Shields', 'Stayton', 'Bristow', 'Adams', 'River', 'Scotts Mills', 'Bryant', 'Bristol', 'Duncan', 'San Angelo', 'Mulberry Grove', 'Moores Hill', 'Ravenna', 'Meadville', 'Juliette', 'Curlew', 'Mill Creek', 'Highland', 'Cokeburg', 'New Waverly', 'Amanda', 'Bethel Springs', 'Moriches', 'Gretna', 'Sutherland', 'Altona', 'Lanark Village', 'Dumont', 'Cowlesville', 'Leonard', 'Red River', 'Kirby', 'East Troy', 'Boonton', 'Lakeview', 'Smock', 'Big Indian', 'Elizabeth', 'Ash Flat', 'Amsterdam', 'Topeka', 'Superior', 'Elkhart', 'Hewitt', 'Ridgeland', 'Oriskany Falls', 'Cromona', 'Randolph', 'West Eaton', 'Tekoa', 'Smiths Grove', 'Stittville', 'Oolitic', 'Westport', 'Eugene', 'Port Richey', 'Santa Monica', 'Reno', 'Sacramento', 'Oklahoma City', 'Mc Cracken', 'Clune', 'Cuthbert', 'Central', 'Holloway', 'Marion', 'Nokomis', 'West Sayville', 'Arlington', 'Eagarville', 'Mount Hope', 'Arnold', 'Loving', 'Manor', 'Joliet', 'Mound City', 'Quanah', 'Dalton', 'Holstein', 'Hannawa Falls', 'Morrisdale', 'Hinesburg', 'Saint Francis', 'Iselin', 'Elk Rapids', 'West Long Branch', 'Bridger', 'Brandon', 'North Haverhill', 'Laramie', 'Tryon', 'Lawrence', 'Key West', 'Mountain Park', 'Heidelberg', 'Ironton', 'Tallmansville', 'Kingsport', 'Falls Church', 'West Finley', 'Newton', 'Clearwater', 'Drakes Branch', 'Clifton', 'Holcomb', 'Falmouth', 'Belle Fourche', 'Jordan Valley', 'Coffeeville', 'Wheaton', 'Comfort', 'Lamy', 'Kilgore', 'Conway', 'South Londonderry', 'Sherman', 'Des Moines', 'Sixes', 'Winnsboro', 'Prairie Creek', 'Baton Rouge', 'Norwich', 'Lake Jackson', 'Halstad', 'Manville', 'Paxton', 'Clutier', 'Battle Creek', 'Philadelphia', 'Mifflin', 'Hinckley', 'Kent', 'Fields Landing', 'Minneapolis', 'Nelson', 'Albuquerque', 'Vacaville', 'Boulder', 'Minnesota Lake', 'West Harrison', 'Sebring', 'West Hartford', 'Greenview', 'Beasley', 'Shelter Island', 'Stoneham', 'Heislerville', 'Thomas', 'Ashland', 'Grant', 'Center Point', 'Manistique', 'Huntsville', 'Leetsdale', 'Palmyra', 'Humboldt', 'Port Ewen', 'Lepanto', 'Mendon', 'Kingsford Heights', 'Freeport', 'Manchester', 'San Jose', 'Comfrey', 'Howells', 'Acworth', 'Slayden', 'De Soto', 'Brunson', 'Chester', 'Goreville', 'Union', 'Roma', 'Bonfield', 'De Queen', 'Seattle', 'Moulton', 'Queenstown', 'Altair', 'Lane', 'Tamaroa', 'Republic', 'Coulee Dam', 'Bessemer', 'Beaverdam', 'Lorenzo', 'Gaines', 'Belfast', 'Burlington', 'Jelm', 'Ranier', 'Allentown', 'South Richmond Hill', 'Sontag', 'Tyaskin', 'May', 'Grimesland', 'Higganum', 'Vienna', 'West Henrietta', 'Hazel', 'Streator', 'Avoca', 'Catawba', 'Breesport', 'Phil Campbell', 'Paauilo', 'Clayton', 'Vero Beach', 'Smackover', 'Mc Intosh', 'Darien', 'Saxon', 'Newhall', 'Andrews', 'Manderson', 'Goodrich', 'Isanti', 'Whigham', 'Medford', 'Liberty Mills', 'Helm', 'Ratcliff', 'Parker Dam', 'Cape Coral', 'New Holstein', 'Hartford', 'Grand Ridge', 'Achille', 'Henderson', 'Remer', 'Fordoche', 'Kensington', 'Churubusco', 'Holliday', 'Dieterich', 'Doe Hill', 'Rockwood', 'Ashford', 'Fairhope', 'Hurley', 'Emmons', 'Saint Petersburg', 'Meridian', 'Alpharetta', 'Auburn', 'Mallie', 'Riverton', 'Hedrick', 'Daniels', 'Pecos', 'Ballwin', 'Etlan', 'Sauk Rapids', 'Spring Church', 'Knowlesville', 'Garfield', 'Turner', 'Tulsa', 'Plantersville', 'O Brien', 'Hawthorne', 'Redford', 'Payson', 'Dongola', 'Cross Plains', 'Norfolk', 'Winger', 'Stephensport', 'Michigan', 'Moorhead', 'Christine', 'Bellmore', 'Colton', 'Cross', 'Bay Minette', 'Cottekill', 'New Franken', 'Ehrhardt', 'Hudson', 'Belmond', 'Grantham']",[],
True,expect_column_to_exist,state,"('', '')",,,,,,,[],
True,expect_column_values_to_not_be_null,state,"('', '')",,,90767,0,0.0,,[],
True,expect_column_values_to_be_in_set,state,"('', '')",,,90767,0,0.0,"['KS', 'NY', 'UT', 'NV', 'ID', 'AR', 'SD', 'MN', 'SC', 'AK', 'AZ', 'NM', 'HI', 'VT', 'VA', 'CT', 'PA', 'IL', 'IN', 'NJ', 'MT', 'LA', 'DC', 'CA', 'ND', 'OR', 'MO', 'OH', 'WV', 'MS', 'WA', 'TN', 'WI', 'ME', 'MA', 'KY', 'RI', 'GA', 'NH', 'FL', 'NE', 'WY', 'TX', 'NC', 'MD', 'AL', 'MI', 'OK', 'CO', 'DE', 'IA']",[],
True,expect_column_to_exist,zip,"('', '')",,,,,,,[],
True,expect_column_values_to_not_be_null,zip,"('', '')",,,90767,0,0.0,,[],
True,expect_column_values_to_be_in_type_list,zip,"('', '')",,,,,,,[],int64
True,expect_column_values_to_be_between,zip,"('', '')",99783,1257,90767,0,0.0,,[],
True,expect_column_to_exist,lat,"('', '')",,,,,,,[],
True,expect_column_values_to_not_be_null,lat,"('', '')",,,90767,0,0.0,,[],
True,expect_column_values_to_be_in_type_list,lat,"('', '')",,,,,,,[],float64
True,expect_column_values_to_be_between,lat,"('', '')",66.6933,20.0271,90767,0,0.0,,[],
True,expect_column_to_exist,long,"('', '')",,,,,,,[],
True,expect_column_values_to_not_be_null,long,"('', '')",,,90767,0,0.0,,[],
True,expect_column_values_to_be_in_type_list,long,"('', '')",,,,,,,[],float64
True,expect_column_values_to_be_between,long,"('', '')",-67.9503,-165.6723,90767,0,0.0,,[],
True,expect_column_to_exist,city_pop,"('', '')",,,,,,,[],
True,expect_column_values_to_not_be_null,city_pop,"('', '')",,,90767,0,0.0,,[],
True,expect_column_values_to_be_in_type_list,city_pop,"('', '')",,,,,,,[],int64
True,expect_column_values_to_be_between,city_pop,"('', '')",2906700,23,90767,0,0.0,,[],
True,expect_column_to_exist,job,"('', '')",,,,,,,[],
True,expect_column_values_to_not_be_null,job,"('', '')",,,90767,0,0.0,,[],
True,expect_column_values_to_be_in_set,job,"('', '')",,,90767,0,0.0,"['Biomedical scientist', 'Engineer, building services', 'Therapist, art', 'Production engineer', 'Clinical research associate', 'Primary school teacher', 'Learning disability nurse', 'Systems analyst', 'Research scientist (medical)', 'Architect', 'Public house manager', 'Facilities manager', 'Physicist, medical', 'Health visitor', 'Architectural technologist', 'Industrial/product designer', 'Planning and development surveyor', 'Heritage manager', 'Herpetologist', 'Data scientist', 'TEFL teacher', 'Information systems manager', 'Pharmacist, hospital', 'Engineer, civil (contracting)', 'Secondary school teacher', 'Town planner', 'Quantity surveyor', 'Prison officer', 'Press photographer', 'Acupuncturist', 'Television floor manager', 'Air broker', 'Chief Executive Officer', 'Colour technologist', 'Herbalist', 'Plant breeder/geneticist', 'Education officer, museum', 'Building services engineer', 'Nurse, mental health', 'Waste management officer', 'Insurance underwriter', 'Museum education officer', 'Biochemist, clinical', 'Engineer, site', 'Police officer', 'Engineer, maintenance', 'Dancer', 'Art gallery manager', 'Tourism officer', 'Lawyer', 'Sales promotion account executive', 'Engineer, petroleum', 'Tour manager', 'Ecologist', 'Nature conservation officer', 'Air cabin crew', 'Animal technologist', 'Immigration officer', 'Retail manager', 'Toxicologist', 'Catering manager', 'Engineer, communications', 'Manufacturing engineer', 'Emergency planning/management officer', 'Museum/gallery exhibitions officer', 'Music therapist', 'Garment/textile technologist', 'Clinical cytogeneticist', 'Building surveyor', 'Barista', 'Travel agency manager', 'Designer, interior/spatial', 'Cabin crew', 'Probation officer', 'Geologist, wellsite', 'Video editor', 'Television camera operator', 'Associate Professor', 'Private music teacher', 'Hydrologist', 'Administrator, arts', 'Water engineer', 'Accounting technician', 'Firefighter', 'Engineer, production', 'Television production assistant', 'Multimedia programmer', 'Chief Operating Officer', 'Fine artist', 'Community development worker', 'Magazine features editor', 'Financial adviser', 'Geochemist', 'Public relations account executive', 'Engineer, biomedical', 'Buyer, retail', 'Press sub', 'Aeronautical engineer', 'Higher education careers adviser', 'Administrator, education', 'Early years teacher', 'Doctor, hospital', 'Public librarian', 'Presenter, broadcasting', 'Academic librarian', 'Journalist, newspaper', 'Chiropodist', 'Retail banker', 'Freight forwarder', 'Media buyer', 'Market researcher', 'Marketing executive', 'Research scientist (life sciences)', 'Animator', 'Industrial buyer', 'Production assistant, television', 'Tax inspector', 'Civil engineer, contracting', 'Geneticist, molecular', 'Energy manager', 'Surgeon', 'Commercial/residential surveyor', 'Insurance risk surveyor', 'Event organiser', 'Production manager', 'Programme researcher, broadcasting/film/video', 'Oncologist', 'Sub', 'Orthoptist', 'Operational researcher', 'Make', 'Arboriculturist', 'Lecturer, higher education', 'Sales professional, IT', 'Audiological scientist', 'Chartered legal executive (England and Wales)', 'Quarry manager', 'Podiatrist', 'Mudlogger', 'Public relations officer', 'Curator', 'Engineer, drilling', 'Research officer, political party', 'Pilot, airline', 'Mental health nurse', 'Pharmacologist', 'Biomedical engineer', 'Careers adviser', 'Furniture designer', 'Corporate investment banker', 'Drilling engineer', 'Physiotherapist', 'Scientific laboratory technician', 'Teacher, adult education', 'Chartered public finance accountant', 'Designer, jewellery', 'Special effects artist', 'Scientist, biomedical', 'Community pharmacist', 'Psychotherapist, child', 'Arts development officer', 'Structural engineer', 'Professor Emeritus', 'Art therapist', 'Engineer, broadcasting (operations)', 'Chemist, analytical', 'Animal nutritionist', 'Retail buyer', 'Regulatory affairs officer', 'Psychiatric nurse', 'Conservation officer, historic buildings', 'Designer, industrial/product', 'Engineer, materials', 'Product manager', 'Interior and spatial designer', 'Public affairs consultant', 'Neurosurgeon', 'Scientist, research (physical sciences)', 'Sales executive', 'Environmental education officer', 'Bookseller', 'Analytical chemist', 'Producer, radio', 'Scientist, audiological', 'Counselling psychologist', 'Charity fundraiser', 'Solicitor', 'Amenity horticulturist', 'Fisheries officer', 'Senior tax professional/tax inspector', 'Airline pilot', 'Water quality scientist', 'Paramedic', 'Environmental consultant', 'Cytogeneticist', 'Jewellery designer', 'Therapist, sports', 'Set designer', 'Copy', 'Field trials officer', 'Museum/gallery conservator', ""Politician's assistant"", 'Loss adjuster, chartered', ""Nurse, children's"", 'Ceramics designer', 'Glass blower/designer', 'Designer, ceramics/pottery', 'Social researcher', 'Writer', 'Engineer, agricultural', 'Teacher, special educational needs', 'Barrister', 'Training and development officer', 'Sports development officer', 'Editor, magazine features', 'Furniture conservator/restorer', 'Hospital doctor', 'Site engineer', 'Broadcast engineer', 'Outdoor activities/education manager', 'Engineer, land', 'Communications engineer', 'Ambulance person', 'Environmental health practitioner', 'IT consultant', 'Local government officer', 'Science writer', 'Psychologist, sport and exercise', 'Trade mark attorney', 'Occupational therapist', 'Surveyor, minerals', 'Warden/ranger', 'Optician, dispensing', 'Engineer, manufacturing', 'Seismic interpreter', 'Chemical engineer', 'Advertising copywriter', 'Comptroller', 'Optometrist', 'Farm manager', 'Clinical biochemist', 'Wellsite geologist', 'Dispensing optician', 'Geoscientist', 'Advertising account planner', 'Mining engineer', 'Educational psychologist', 'Scientist, research (maths)', 'Programmer, applications', 'Clothing/textile technologist', 'Production assistant, radio', 'Paediatric nurse', 'Occupational hygienist', 'Health service manager', 'Leisure centre manager', 'Web designer', 'Illustrator', 'Management consultant', 'Human resources officer', 'Chief Technology Officer', 'Immunologist', 'Clinical psychologist', 'Administrator, charities/voluntary organisations', 'Product/process development scientist', 'Surveyor, rural practice', 'Psychologist, forensic', 'Community education officer', 'Accountant, chartered public finance', 'Child psychotherapist', 'Health physicist', 'Soil scientist', 'Theatre manager', 'Location manager', 'Equality and diversity officer', 'Contractor', 'Teacher, primary school', 'Lecturer, further education', 'Operations geologist', 'Tourist information centre manager', 'Geologist, engineering', 'Technical brewer', 'Counsellor', 'Naval architect', 'Producer, television/film/video', 'Visual merchandiser', 'Conservator, museum/gallery', 'Economist', 'Therapist, occupational', 'Fitness centre manager', 'Horticultural consultant', 'Hydrographic surveyor', 'Pensions consultant', 'Medical technical officer', 'Civil Service fast streamer', 'Archaeologist', 'Health promotion specialist', 'Artist', 'Insurance claims handler', 'Engineer, structural', 'Claims inspector/assessor', 'Trading standards officer', 'Designer, textile', 'Engineer, mining', 'Futures trader', 'Tax adviser', 'Telecommunications researcher', 'Programmer, multimedia', 'Patent attorney', 'Music tutor', 'Restaurant manager, fast food', 'Engineer, aeronautical', 'Historic buildings inspector/conservation officer', 'Cartographer', 'Manufacturing systems engineer', 'Health and safety adviser', 'Agricultural consultant', ""Barrister's clerk"", 'Medical sales representative', 'Scientist, research (medical)', 'Diagnostic radiographer', 'Commissioning editor', 'Database administrator', 'Network engineer', 'Engineer, electronics', 'Investment banker, operational', 'Pathologist', 'Insurance broker', 'Investment analyst', 'Medical physicist', 'Scientist, marine', 'Oceanographer', 'Commercial horticulturist', 'Licensed conveyancer', 'Product designer', 'Investment banker, corporate', 'Buyer, industrial', 'Administrator', 'Information officer', 'Electronics engineer', 'Transport planner', 'Teaching laboratory technician', 'Civil Service administrator', 'General practice doctor', 'Conservator, furniture', 'English as a second language teacher', 'Engineering geologist', 'Geophysicist/field seismologist', 'Lexicographer', 'Landscape architect', 'Education administrator', 'Systems developer', 'Surveyor, hydrographic', 'Hospital pharmacist', 'Administrator, local government', 'Careers information officer', 'Therapist, drama', 'Teacher, early years/pre', 'English as a foreign language teacher', 'Forensic psychologist', 'Development worker, community', 'Psychiatrist', 'Dance movement psychotherapist', 'Community arts worker', 'Chief of Staff', 'Armed forces logistics/support/administrative officer', 'Surveyor, land/geomatics', 'Scientist, physiological', 'Archivist', 'Copywriter, advertising', 'Pension scheme manager', 'Electrical engineer', 'Engineer, automotive', 'Hotel manager', 'Charity officer', 'Television/film/video producer', 'Estate manager/land agent', 'Chief Marketing Officer', 'Psychotherapist', 'Risk analyst', 'Minerals surveyor', 'Sports administrator', 'Theatre director', 'Chief Strategy Officer', 'Pharmacist, community', 'Film/video editor', 'Exercise physiologist', 'Magazine journalist', 'Forest/woodland manager', 'Call centre manager', 'Research scientist (physical sciences)', 'Interpreter', 'Applications developer', 'Environmental manager', 'Designer, television/film set', 'Engineer, control and instrumentation', 'Librarian, public', 'IT trainer', 'Race relations officer', 'Solicitor, Scotland', 'Tree surgeon', 'Building control surveyor', 'Doctor, general practice', 'Radiographer, therapeutic', 'Dealer', 'Legal secretary', 'Metallurgist', 'Petroleum engineer', 'Veterinary surgeon', 'Designer, exhibition/display', 'Armed forces training and education officer', 'Surveyor, mining', 'Psychologist, counselling', 'Sport and exercise psychologist', 'Teacher, secondary school', 'Maintenance engineer', 'Theme park manager', 'Hydrogeologist', 'Phytotherapist', 'Medical secretary', 'Advertising account executive', 'Learning mentor', 'Teacher, English as a foreign language', 'Radiographer, diagnostic', 'Librarian, academic', 'Education officer, community', 'Musician', 'Camera operator', 'Mechanical engineer', 'Land/geomatics surveyor', 'Records manager', 'Editor, film/video', 'Social research officer, government', 'Merchandiser, retail', 'Company secretary', 'Intelligence analyst', 'Purchasing manager', 'Aid worker', 'Gaffer', 'Special educational needs teacher', 'Radio broadcast assistant', 'Media planner', 'Occupational psychologist', 'Materials engineer', 'Horticultural therapist', 'Designer, multimedia', 'Equities trader', 'Broadcast presenter', 'Therapist, horticultural', 'Scientist, clinical (histocompatibility and immunogenetics)', 'Embryologist, clinical', 'Advice worker', 'Logistics and distribution manager', 'Engineer, civil (consulting)', 'Exhibitions officer, museum/gallery', 'Chartered loss adjuster', 'Field seismologist', 'Psychologist, clinical', 'Radio producer', 'Air traffic controller', 'Chartered accountant', 'Physiological scientist', 'Financial trader', 'Horticulturist, commercial', 'Research scientist (maths)', 'Development worker, international aid', 'Rural practice surveyor', 'Accountant, chartered certified', 'Further education lecturer', 'Designer, furniture', 'Textile designer', 'Editor, commissioning', 'Engineer, technical sales', 'Retail merchandiser', 'Volunteer coordinator', 'Energy engineer', 'Research officer, trade union', 'Stage manager', 'Osteopath', 'Chief Financial Officer', 'Control and instrumentation engineer', 'Therapist, music', 'Land', 'Exhibition designer', 'Nutritional therapist', 'Statistician', 'Secretary/administrator']",[],
True,expect_column_to_exist,trans_num,"('', '')",,,,,,,[],
True,expect_column_values_to_not_be_null,trans_num,"('', '')",,,90767,0,0.0,,[],
True,expect_column_values_to_be_unique,trans_num,"('', '')",,,90767,0,0.0,,[],
True,expect_column_to_exist,merch_lat,"('', '')",,,,,,,[],
True,expect_column_values_to_not_be_null,merch_lat,"('', '')",,,90767,0,0.0,,[],
True,expect_column_values_to_be_in_type_list,merch_lat,"('', '')",,,,,,,[],float64
True,expect_column_values_to_be_between,merch_lat,"('', '')",66.624674,19.033288,90767,0,0.0,,[],
True,expect_column_to_exist,merch_long,"('', '')",,,,,,,[],
True,expect_column_values_to_not_be_null,merch_long,"('', '')",,,90767,0,0.0,,[],
True,expect_column_values_to_be_in_type_list,merch_long,"('', '')",,,,,,,[],float64
True,expect_column_values_to_be_between,merch_long,"('', '')",-66.962913,-166.661968,90767,0,0.0,,[],
True,expect_column_to_exist,is_fraud,"('', '')",,,,,,,[],
True,expect_column_values_to_not_be_null,is_fraud,"('', '')",,,90767,0,0.0,,[],
True,expect_column_values_to_be_in_type_list,is_fraud,"('', '')",,,,,,,[],int64
True,expect_column_values_to_be_between,is_fraud,"('', '')",1,0,90767,0,0.0,,[],
True,expect_column_to_exist,merch_zipcode,"('', '')",,,,,,,[],
True,expect_column_values_to_be_in_type_list,merch_zipcode,"('', '')",,,,,,,[],float64
True,expect_column_values_to_be_between,merch_zipcode,"('', '')",99403.0,1003.0,90767,0,0.0,,[],
True,expect_column_to_exist,datetime,"('', '')",,,,,,,[],
True,expect_column_values_to_not_be_null,datetime,"('', '')",,,90767,0,0.0,,[],
True,expect_column_to_exist,age,"('', '')",,,,,,,[],
True,expect_column_values_to_not_be_null,age,"('', '')",,,90767,0,0.0,,[],
True,expect_column_values_to_be_in_type_list,age,"('', '')",,,,,,,[],int64
True,expect_column_values_to_be_between,age,"('', '')",95,13,90767,0,0.0,,[],
